Network,Station,Latitude,Longitude,Elevation,Sitename,StartTime,EndTime
8E,MB01,37.62801,-119.030418,3322.0,Mammoth Summit,2011-09-28T20:37:03.0,2013-09-22T00:19:39.0
8E,MB02,37.629192,-119.037674,3184.0,Summit West,2011-09-22T19:40:23.0,2013-10-08T22:14:45.0
8E,MB03,37.638859,-119.033936,3003.0,Summit North,2011-09-23T23:21:55.0,2013-09-29T19:03:02.0
8E,MB04,37.630184,-119.016983,2895.0,Summit East,2011-09-30T18:18:38.0,2013-10-23T21:23:41.0
8E,MB05,37.618389,-119.027267,2879.0,Summit South,2011-09-27T23:54:01.0,2013-10-22T19:47:22.0
8E,MB06,37.616463,-119.047668,2782.0,SW Flank,2011-10-14T23:26:44.0,2013-10-23T17:43:18.0
8E,MB07,37.633858,-119.046783,3032.0,Summit NW,2011-09-29T16:32:38.0,2013-09-29T17:49:03.0
8E,MB08,37.645721,-119.028557,2860.0,North Flank,2011-09-26T22:28:38.0,2013-07-15T22:17:47.0
8E,MB09,37.632767,-119.004463,2663.0,East Flank,2011-12-15T23:17:07.0,2013-10-01T02:16:38.0
8E,MB10,37.643257,-119.058182,2890.0,NW Flank,2011-09-21T23:00:35.0,2013-10-01T02:21:41.0
8E,MB11,37.611378,-119.020981,2738.0,SE Flank,2011-09-20T18:49:13.0,2013-07-12T22:36:51.0
AZ,BZN,33.491501,-116.667,1301.0,"Buzz Northerns Place, Anza, CA, USA",1983-01-20T00:00:00.0,2599-12-31T23:59:59.0
AZ,CPE,32.888901,-117.105103,150.0,"Camp Elliot, Miramar, CA, USA",2004-05-04T00:00:00.0,2599-12-31T23:59:59.0
AZ,CRY,33.565399,-116.737297,1128.0,"Cary Ranch, Anza, CA, USA",1982-10-01T00:00:00.0,2599-12-31T23:59:59.0
AZ,FRD,33.494701,-116.602203,1164.0,"Ford Ranch, Anza, CA, USA",1982-10-01T00:00:00.0,2599-12-31T23:59:59.0
AZ,HWB,33.026199,-116.959602,478.0,"Hans Werner Braun Residence, San Diego, CA, USA",2002-02-07T00:00:00.0,2015-05-12T23:59:59.0
AZ,IWR,33.729401,-116.767601,1464.0,"Idyllwild Water Reclamation, Idyllwild, CA, USA",2012-07-18T00:00:00.0,2015-03-07T23:59:59.0
AZ,MONP,32.8927,-116.422501,1920.0,"Monument Peak, Mt. Laguna, CA, USA",1998-02-02T00:00:00.0,2007-11-06T23:59:59.0
AZ,MONP2,32.891998,-116.422302,1875.0,"Monument Peak TA Vault, Mt. Laguna, CA, USA",2007-09-15T00:00:00.0,2599-12-31T23:59:59.0
AZ,RRSP,33.651501,-116.739403,1610.0,"Rouse Ridge, CA, USA",2013-01-24T00:00:00.0,2599-12-31T23:59:59.0
AZ,SCI2,32.915,-118.4879,486.0,"San Clemente Island, CA, USA",2002-09-23T00:00:00.0,2020-01-20T23:59:59.0
AZ,SCV1,33.611801,-116.459702,1268.0,"Super Conducting Vault Test site,  Pinyon Flat, CA",2003-06-10T00:00:00.0,2005-03-31T23:59:59.0
AZ,SCV2,33.611801,-116.459702,1268.0,"Super Conducting Vault Test site,  Pinyon Flat, CA",2003-06-10T00:00:00.0,2005-03-31T23:59:59.0
AZ,SIO5,32.840698,-117.249702,217.0,"Mt. Soledad, La Jolla, CA",2017-05-23T00:00:00.0,2599-12-31T23:59:59.0
AZ,SMER,33.457699,-117.170799,355.7,"Santa Margarita Ecological Reserve, CA, USA",2002-02-09T00:00:00.0,2599-12-31T23:59:59.0
AZ,SND,33.551899,-116.6129,1358.0,"Jim Saunders Place, Anza, CA, USA",1982-10-01T00:00:00.0,2599-12-31T23:59:59.0
AZ,ST2C,33.611801,-116.459702,1268.0,"STS2 Test, PFO, CA, USA",2003-10-22T00:00:00.0,2005-10-22T23:59:59.0
AZ,TMSP,33.619202,-116.680901,2077.0,"TMSP, CA, USA",2013-02-03T00:00:00.0,2599-12-31T23:59:59.0
AZ,TRO,33.5234,-116.4257,2628.0,"Toro Peak, Riverside Co, CA, USA",1982-10-01T00:00:00.0,2599-12-31T23:59:59.0
AZ,WMC,33.573601,-116.674698,1271.0,"Walmic Ranch, Anza, CA, USA",1983-09-16T00:00:00.0,2599-12-31T23:59:59.0
AZ,YAQ,33.166599,-116.353897,430.0,"Yaqui Meadows, Borrego Springs, CA, USA",1998-02-02T00:00:00.0,2006-10-22T23:59:59.0
BC,CBX,32.3131,-116.6636,1250.0,CERRO BOLA MEX,2002-02-22T18:00:00.0,2599-12-31T23:59:59.0
BC,CCX,31.867887,-116.664459,36.6,CICESE CCX,2011-06-16T00:00:00.0,2599-12-31T23:59:59.0
BC,RMX,32.5535,-116.0288,1278.0,Rumorosa,2011-10-11T00:00:00.0,2599-12-31T23:59:59.0
BC,TJX,32.51017,-117.054298,210.0,Tijuana,2011-08-08T00:00:00.0,2599-12-31T23:59:59.0
BC,TKX,32.5687,-116.6075,541.0,Tecate,2011-10-11T00:00:00.0,2599-12-31T23:59:59.0
II,PFO,33.6092,-116.4553,1280.0,"Pinon Flat, California, USA",1986-10-24T00:00:00.0,2006-07-12T23:59:59.0
II,PFO,33.6107,-116.4555,1280.0,"Pinon Flat, California, USA",2006-07-13T00:00:00.0,2599-12-31T23:59:59.0
IM,NV31,38.4328,-118.155403,1509.0,"NVAR Array Site 31, Mina, NV, USA",1972-01-03T00:00:00.0,2599-12-31T23:59:59.0
IM,NV32,38.334301,-118.2995,1829.0,"NVAR Array, Mina, NV, USA",1970-01-24T00:00:00.0,2008-01-08T17:59:00.0
IM,NV33,38.485001,-118.418297,1920.0,"NVAR Array, Mina, NV, USA",1970-01-24T00:00:00.0,2008-01-08T17:59:00.0
NN,BEK,39.8666,-120.359596,1743.0,"Beckworth, California w84",1996-10-02T00:00:00.0,2599-12-31T23:59:59.0
NN,CMK6,39.3102,-118.1193,1332.0,"Chalk Mountain, Churchill County, NV, USA",2015-11-20T00:00:00.0,2599-12-31T23:59:59.0
NN,COLR,41.9582,-119.7905,1482.0,"Coleman Ranch, NV portable",2014-11-18T00:00:00.0,2018-02-06T23:59:59.0
NN,CTC,39.207699,-120.125999,2147.0,N. Tahoe City Carnelian Bay,2014-08-08T00:00:00.0,2599-12-31T23:59:59.0
NN,DSP,37.368,-117.972198,1692.0,"Deep Springs, California w84gm",2015-09-11T00:00:00.0,2599-12-31T23:59:59.0
NN,EMB,38.9744,-120.102898,2134.2,"Emerald Bay, California w84",1984-11-01T00:00:00.0,2599-12-31T23:59:59.0
NN,GMN,37.3003,-117.2607,2168.0,"Gold Mountain, NV, USA",1979-07-13T00:00:00.0,2599-12-31T23:59:59.0
NN,GWY,36.186001,-116.6698,1538.0,"Greenwater Valley, CA. (GPS 12/06/2000) w84gm",1988-02-10T00:00:00.0,2599-12-31T23:59:59.0
NN,KVN,39.0484,-118.1012,1829.0,"Kaiserville, Nevada w84gm",1971-09-20T00:00:00.0,2599-12-31T23:59:59.0
NN,LCH,37.232899,-117.645897,1414.0,"Last Chance Range, CA. (GPS 01/04/2001) w84",1979-07-13T00:00:00.0,2599-12-31T23:59:59.0
NN,LHV,38.2513,-118.5049,2353.0,"Little Huntoon Valley, Nevada w84gm",1980-09-16T00:00:00.0,2599-12-31T23:59:59.0
NN,MPK,39.2928,-120.0364,2599.0,"Martis Peak, California w84gm",1973-04-01T00:00:00.0,2599-12-31T23:59:59.0
NN,MZPB,37.7008,-117.3838,2371.0,"Montezuma,NV,USA analog reactivation",2016-04-14T00:00:00.0,2599-12-31T23:59:59.0
NN,OMM,37.612301,-119.000397,2750.0,"Old Mammoth Mine, California w84",2000-07-12T00:00:00.0,2009-06-26T23:59:59.0
NN,OMMB,37.613098,-119.000504,2768.0,"Old Mammoth Mine, surface, wgs-84",2011-11-03T00:00:00.0,2599-12-31T23:59:59.0
NN,PAH,39.7106,-119.3854,1520.0,"Pah Rah Range, Nevada w84gm",1996-08-17T00:00:00.0,2599-12-31T23:59:59.0
NN,PNT,39.0891,-119.5997,2076.0,"Pine Nut, Nevada w84",1994-10-15T00:00:00.0,2599-12-31T23:59:59.0
NN,Q09A,38.834,-117.181602,1703.5,"Carvers, NV, USA - NN reactivation",2015-09-22T00:00:00.0,2599-12-31T23:59:59.0
NN,QSM,35.965,-116.869102,385.0,"Queen of Sheba Mine, CA. (GPS 01/17/2001)   w84gm",1978-11-28T00:00:00.0,2599-12-31T23:59:59.0
NN,REDF,39.389999,-119.764702,1466.0,"Redfield Campus, S. Reno, Nevada",2013-05-24T00:00:00.0,2599-12-31T23:59:59.0
NN,RUB,39.051701,-120.1549,2045.2,"Rubicon Trail, California w84",2001-10-24T00:00:00.0,2599-12-31T23:59:59.0
NN,RYN,38.6281,-118.5223,1651.0,"Ryan, Nevada w84,gps",1974-09-01T00:00:00.0,2599-12-31T23:59:59.0
NN,SRVL,39.5709,-120.330597,1666.0,"Sierraville, California",2011-09-14T00:00:00.0,2013-08-28T23:59:59.0
NN,TBRD,39.173199,-119.930901,1952.0,"Thunderbird Lodge, Lake Tahoe, NV",2017-10-20T00:00:00.0,2599-12-31T23:59:59.0
NN,VCN,39.295601,-119.650299,1928.0,"Virginia City, Nevada gps",2011-08-03T00:00:00.0,2599-12-31T23:59:59.0
NN,WAK,38.504299,-119.438202,1890.0,"Walker, California w84",1996-10-02T00:00:00.0,2599-12-31T23:59:59.0
NN,WCN,39.310398,-119.759003,1658.0,"Washoe City, Nevada w84gm",1972-08-01T00:00:00.0,2010-11-10T23:59:59.0
NN,WDEM,39.5841,-119.8099,1572.0,"Washoe County DEM, Nevada",2013-08-28T00:00:00.0,2599-12-31T23:59:59.0
NN,WLDB,36.792702,-116.626602,955.0,"Wildcat Mountain, NV, USA analog reactivation",2016-04-20T00:00:00.0,2599-12-31T23:59:59.0
NN,YER,38.9852,-119.2406,1857.0,"Yerington, Nevada w84gm",1998-09-04T00:00:00.0,2599-12-31T23:59:59.0
NN,ZPR,39.0131,-119.937599,2001.0,"Zephyr Cove, Lake Tahoe, Nevada",2017-07-10T00:00:00.0,2599-12-31T23:59:59.0
NP,DIX,38.37706,-121.842377,16.0,Maine Praire Water Dst,2012-08-16T00:00:00.0,2599-12-31T23:59:59.0
NP,ELK,38.373493,-121.362129,14.0,Elk Grove,2012-08-27T00:00:00.0,2599-12-31T23:59:59.0
NP,EMR,38.060509,-121.499298,2.0,Eight Mile Road,2008-09-03T00:00:00.0,2015-07-28T18:50:00.0
NP,KIR,38.05513,-121.458206,5.0,King Island Resort,2015-07-28T22:12:00.0,2599-12-31T23:59:59.0
NP,MCD,37.98019,-121.473457,15.0,McDonald Road,2014-11-12T22:41:00.0,2599-12-31T23:59:59.0
NP,MOD,37.620201,-121.122284,16.0,Modesto Volunteer FS,2012-08-07T00:00:00.0,2599-12-31T23:59:59.0
NP,PLA,37.798672,-121.46315,-18.0,Platti Road,2008-08-29T00:00:00.0,2599-12-31T23:59:59.0
NP,SIA,38.050282,-121.736687,-1.0,Sherman Island,2011-11-02T00:00:00.0,2599-12-31T23:59:59.0
PY,BPH01,33.611,-116.455498,1292.0,"Pinon Flat Observatory, CA, USA",2014-04-10T00:00:00.0,2599-12-31T23:59:59.0
PY,BPH02,33.6106,-116.455002,1289.0,"Pinon Flat Observatory, CA, USA",2014-04-10T00:00:00.0,2599-12-31T23:59:59.0
PY,BPH03,33.610199,-116.455498,1285.0,"Pinon Flat Observatory, CA, USA",2014-04-10T00:00:00.0,2599-12-31T23:59:59.0
PY,BPH04,33.6106,-116.456001,1287.0,"Pinon Flat Observatory, CA, USA",2014-04-10T00:00:00.0,2599-12-31T23:59:59.0
PY,BPH05,33.612499,-116.4552,1302.0,"Pinon Flat Observatory, CA, USA",2014-04-10T00:00:00.0,2599-12-31T23:59:59.0
PY,BPH06,33.6105,-116.452499,1294.0,"Pinon Flat Observatory, CA, USA",2014-04-10T00:00:00.0,2599-12-31T23:59:59.0
PY,BPH07,33.608101,-116.455299,1275.0,"Pinon Flat Observatory, CA, USA",2014-04-10T00:00:00.0,2599-12-31T23:59:59.0
PY,BPH08,33.6106,-116.457901,1300.0,"Pinon Flat Observatory, CA, USA",2014-07-13T00:00:00.0,2599-12-31T23:59:59.0
PY,BPH09,33.612598,-116.4599,1295.0,"Pinon Flat Observatory, CA, USA",2014-04-10T00:00:00.0,2599-12-31T23:59:59.0
PY,BPH10,33.612499,-116.452003,1300.0,"Pinon Flat Observatory, CA, USA",2014-07-12T00:00:00.0,2599-12-31T23:59:59.0
PY,BPH11,33.605499,-116.451897,1300.0,"Pinon Flat Observatory, CA, USA",2014-07-12T00:00:00.0,2599-12-31T23:59:59.0
PY,BPH12,33.605598,-116.459999,1251.0,"Pinon Flat Observatory, CA, USA",2014-04-10T00:00:00.0,2599-12-31T23:59:59.0
PY,BPH13,33.6092,-116.459999,1300.0,"Pinon Flat Observatory, CA, USA",2014-07-13T00:00:00.0,2599-12-31T23:59:59.0
PY,TPFO,33.605999,-116.454399,1275.0,"Pinon Flats, CA, USA",2018-11-02T00:00:00.0,2599-12-31T23:59:59.0
SB,BVDA2,33.3265,-116.365501,0.0,"Borrego Valley (UCSB) 2, San Diego, CA, USA",2003-05-13T00:00:00.0,2599-12-31T23:59:59.0
SB,CPSLO,35.302109,-120.66716,88.1,CalPoly San Luis Obispo,2017-09-01T00:00:00.0,2599-12-31T23:59:59.0
SN,HEL,36.724602,-116.975899,747.0,"Hell's Gate, California w84",2002-06-24T00:00:00.0,2599-12-31T23:59:59.0
TA,109C,32.888901,-117.105103,150.0,"Camp Elliot, Miramar, CA, USA",2004-05-04T00:00:00.0,2018-08-21T23:59:59.0
TA,BNLO,37.1311,-122.172897,794.0,"Ben Lomond (Santa Cruz Mountains), CA, USA",2005-04-20T00:00:00.0,2007-09-02T23:59:59.0
TA,L02D,42.157799,-123.603104,458.0,"Cave Junction, OR, USA",2009-11-08T00:00:00.0,2012-10-09T23:59:59.0
TA,L02E,42.158001,-123.602898,454.0,"Cave Junction, OR, USA",2012-10-10T00:00:00.0,2016-04-28T23:59:59.0
TA,L04D,42.217999,-122.304604,1437.0,"Klamath Falls, OR, USA",2010-07-30T00:00:00.0,2016-09-30T23:59:59.0
TA,LAVA,38.755199,-120.739502,828.0,"Lava Cap Winery, Placerville, CA, USA",2004-12-09T00:00:00.0,2007-12-08T23:59:59.0
TA,M02C,41.391998,-122.853798,960.0,"Callahan, CA, USA",2005-06-30T00:00:00.0,2016-05-01T23:59:59.0
TA,M03C,41.2742,-122.122002,1047.0,"McCloud, CA, USA",2005-07-13T00:00:00.0,2007-11-13T23:59:59.0
TA,M04C,41.7826,-121.839302,1391.0,"Macdoel, CA, USA",2005-06-30T00:00:00.0,2016-04-25T23:59:59.0
TA,M05C,41.359299,-121.145699,1333.0,"Lookout, CA, USA",2005-06-29T00:00:00.0,2007-10-10T23:59:59.0
TA,M06C,41.2047,-120.477203,1434.0,"Likely Place Golf, Likely, CA, USA",2005-06-28T00:00:00.0,2007-10-21T23:59:59.0
TA,N02C,40.821999,-123.305702,717.0,"Big Bar, CA, USA",2005-07-01T00:00:00.0,2007-11-19T23:59:59.0
TA,N02D,40.973999,-122.705002,937.0,"Trinity Center, CA, USA",2009-11-05T00:00:00.0,2016-04-28T23:59:59.0
TA,O01C,40.139801,-123.819504,137.8,"Eel River Conservation Camp, Redway, CA, USA",2005-08-25T00:00:00.0,2007-11-17T23:59:59.0
TA,O02C,40.176701,-122.7883,962.0,"Red Bluff, CA, USA",2005-07-20T00:00:00.0,2007-10-11T23:59:59.0
TA,O02D,40.176601,-122.788399,965.0,"Mt. Diablo Meridian, CA, USA",2010-08-01T00:00:00.0,2016-05-02T23:59:59.0
TA,O03C,39.997101,-122.031898,85.0,"Acorn Hollow, Los Molinos, CA, USA",2005-04-19T00:00:00.0,2007-09-06T23:59:59.0
TA,O03E,40.294601,-121.802101,967.0,"Paynes Creek, CA, USA",2012-10-08T00:00:00.0,2016-05-02T23:59:59.0
TA,O04C,40.32,-121.085999,1513.0,"Chester, CA, USA",2005-05-25T00:00:00.0,2007-11-27T23:59:59.0
TA,O05C,39.962002,-120.917603,1032.0,"Quincy, CA, USA",2005-04-20T00:00:00.0,2007-11-20T23:59:59.0
TA,P01C,39.469002,-123.337502,440.9,"Double 8 Ranch, Willits, CA, USA",2005-08-24T00:00:00.0,2007-09-04T23:59:59.0
TA,P05C,39.302799,-120.607697,1756.5,"Yuba Gap, Truckee, CA, USA",2005-06-07T00:00:00.0,2007-10-13T23:59:59.0
TA,P06A,39.678501,-119.8983,1368.6,"Stead Airport, Stead, NV, USA",2006-04-28T00:00:00.0,2008-03-04T23:59:59.0
TA,P07A,39.539902,-118.889297,1218.6,"Fallon, NV, USA",2006-02-25T00:00:00.0,2008-03-10T23:59:59.0
TA,P08A,39.694599,-118.080002,1040.2,"Dixie Valley, NV, USA",2006-02-26T00:00:00.0,2008-03-11T23:59:59.0
TA,P09A,39.551601,-117.139503,1737.7,"Austin, NV, USA",2006-04-14T00:00:00.0,2008-03-08T23:59:59.0
TA,P10A,39.620201,-116.463898,1874.0,"Eureka, NV, USA",2006-06-07T00:00:00.0,2008-09-08T23:59:59.0
TA,Q03C,38.633301,-122.014503,108.0,"Winters, CA, SA",2005-06-28T00:00:00.0,2007-12-04T23:59:59.0
TA,Q04C,38.839001,-121.3769,14.0,"Lincoln, CA, USA",2004-12-10T00:00:00.0,2007-10-12T23:59:59.0
TA,Q07A,38.938301,-118.8078,1275.9,"Schurz, NV, USA",2006-02-27T00:00:00.0,2008-03-13T23:59:59.0
TA,Q08A,38.8606,-117.931602,1411.5,"Gabbs, NV, USA",2006-03-02T00:00:00.0,2008-03-14T23:59:59.0
TA,Q09A,38.834,-117.181602,1703.5,"Carvers, NV, USA",2006-04-13T00:00:00.0,2008-03-22T23:59:59.0
TA,Q10A,38.824699,-116.399902,2027.0,"Clear Creek Ranch, Tonopah, NV, USA",2007-02-05T00:00:00.0,2008-09-13T23:59:59.0
TA,R04C,38.257099,-120.936302,115.0,"Big Horse Ranch, Ione, CA, USA",2004-12-08T00:00:00.0,2007-12-04T23:59:59.0
TA,R05C,38.702801,-120.0755,2366.0,"Kirkwood Meadows Resort, Kirkwood, CA, USA",2005-08-05T00:00:00.0,2007-10-05T23:59:59.0
TA,R06C,38.522598,-119.450897,1698.0,"Coleville, CA, USA",2005-08-04T00:00:00.0,2008-03-15T23:59:59.0
TA,R07C,38.089001,-119.046898,1996.0,"Lee Vining, CA, USA",2005-08-03T00:00:00.0,2007-10-02T23:59:59.0
TA,R08A,38.3489,-118.1064,1419.8,"Mina, NV, USA",2006-03-03T00:00:00.0,2008-03-24T23:59:59.0
TA,R09A,38.2397,-117.0718,1759.0,"Tonopah, NV, USA",2006-06-10T00:00:00.0,2008-03-22T23:59:59.0
TA,R10A,38.288601,-116.302101,1600.0,"Warm Springs, NV, USA",2006-06-09T00:00:00.0,2008-09-11T23:59:59.0
TA,S04C,37.504902,-121.327797,310.0,"Ingram Canyon, Westley, CA, USA",2004-12-15T00:00:00.0,2007-09-03T23:59:59.0
TA,S05C,37.346001,-120.329597,85.0,"Merced, CA, USA",2005-04-18T00:00:00.0,2007-12-08T23:59:59.0
TA,S06C,37.881699,-119.848801,1377.0,"San Francisco Camp Mather, Mather, CA, USA",2005-10-08T00:00:00.0,2007-10-04T23:59:59.0
TA,S08C,37.499298,-118.171097,3087.0,"White Mtn Res Sta-Crooked Creek, Bishop, CA, USA",2005-08-02T00:00:00.0,2007-10-03T23:59:59.0
TA,S09A,37.7243,-117.224602,1767.8,"Goldfield, NV, USA",2006-04-12T00:00:00.0,2008-03-24T23:59:59.0
TA,S10A,37.923,-116.594803,1796.0,"Tonopah Range, Tonopah, NV, USA",2007-01-22T00:00:00.0,2008-09-12T23:59:59.0
TA,SUTB,39.229099,-121.786102,252.0,"Sutter Butte, CA, USA",2005-05-17T00:00:00.0,2007-09-05T23:59:59.0
TA,T05C,36.895302,-120.673698,46.0,"Eagle Field, Dos Palos, CA, USA",2005-02-14T00:00:00.0,2007-09-03T23:59:59.0
TA,T06C,37.006901,-119.7089,216.0,"Millerton Lake Dam, Friant, CA, USA",2004-12-06T00:00:00.0,2007-12-06T23:59:59.0
TA,TPFO,33.605999,-116.454399,1275.0,"Pinon Flats, CA, USA",2010-04-09T00:00:00.0,2018-11-02T23:59:59.0
TA,U04C,36.362701,-120.782799,812.6,"Hernandez Reservoir, Idria, CA, USA",2004-12-05T00:00:00.0,2007-12-11T23:59:59.0
TA,U05C,36.335602,-120.120499,92.0,"Westside ANR, Five Points, CA, USA",2004-12-04T00:00:00.0,2007-12-06T23:59:59.0
TA,U10A,36.4193,-116.329697,668.0,"Ash Meadows, Armagosa, NV, USA",2006-06-17T00:00:00.0,2008-10-15T23:59:59.0
TA,V03C,36.0214,-121.235603,336.0,"Hunter Liggett MR Jolon, CA, USA",2005-02-23T00:00:00.0,2007-12-05T23:59:59.0
TA,V04C,35.636002,-120.869904,431.0,"Ramage Ranch, Paso Robles, CA, USA",2004-06-07T00:00:00.0,2007-09-01T23:59:59.0
TA,V05C,35.866699,-119.902802,118.0,"Boulder Hill, Kettleman City, CA, USA",2005-04-11T00:00:00.0,2007-12-07T23:59:59.0
TO,CC01,35.933701,-121.468201,55.0,CCSE CC01,2014-02-04T00:00:00.0,2015-10-10T23:29:17.0
TO,CC02,36.0089,-121.449501,831.0,CCSE CC02,2014-02-24T23:53:28.0,2015-10-10T22:58:16.0
TO,CC03,35.997398,-121.381104,464.0,CCSE CC03,2014-02-25T00:00:00.0,2015-10-11T01:46:03.0
TO,CC04,36.0163,-121.249702,337.0,CCSE CC04,2013-12-13T00:00:00.0,2015-10-10T18:44:49.0
TO,CC05,36.024899,-121.171799,347.0,CCSE CC05,2014-03-17T00:00:00.0,2015-10-10T18:00:00.0
TO,CC06,35.9837,-121.115097,366.0,CCSE CC06,2013-12-13T00:00:00.0,2015-10-10T17:29:26.0
TO,CC07,35.974602,-121.054298,398.0,CCSE CC07,2013-12-13T00:00:00.0,2015-10-09T23:29:44.0
TO,CC08,35.992199,-120.961197,293.0,CCSE CC08,2013-12-12T00:00:00.0,2015-10-10T15:22:27.0
TO,CC09,36.024899,-120.889297,194.0,CCSE CC09,2013-12-13T00:00:00.0,2015-10-11T00:05:25.0
TO,CC10,36.0457,-120.823898,225.0,CCSE CC10,2013-12-13T00:00:00.0,2015-10-10T21:54:30.0
TO,CC11,36.064999,-120.752899,356.0,CCSE CC11,2013-12-13T00:00:00.0,2015-10-10T21:24:55.0
TO,CC12,36.064301,-120.628799,694.0,CCSE CC12,2014-01-14T00:00:00.0,2015-10-10T18:26:42.0
TO,CC13,36.121101,-120.617599,570.0,CCSE CC13,2013-12-13T00:00:00.0,2015-10-11T16:16:07.0
TO,CC14,36.131401,-120.539001,610.0,CCSE CC14,2014-01-07T00:00:00.0,2015-10-11T15:24:33.0
TO,CC15,36.099201,-120.443497,295.0,CCSE CC15,2013-12-16T00:00:00.0,2015-10-11T17:35:14.0
TO,CC16,36.126701,-120.370598,210.0,CCSE CC16,2013-12-16T00:00:00.0,2015-10-11T17:19:48.0
TO,CC17,36.194199,-120.342598,251.0,CCSE CC17,2014-01-15T00:00:00.0,2015-10-11T19:25:10.0
TO,CC18,36.176701,-120.238098,154.0,CCSE CC18,2013-12-16T00:00:00.0,2015-10-11T18:29:34.0
TO,CC19,36.1348,-120.164902,146.0,CCSE CC19,2013-12-15T00:00:00.0,2015-10-11T20:14:31.0
TO,CC20,36.209499,-120.105301,107.0,CCSE CC20,2014-01-06T00:00:00.0,2015-10-11T21:47:11.0
TO,CC21,36.226898,-119.994499,81.0,CCSE CC21,2013-12-16T00:00:00.0,2015-10-03T10:53:37.0
TO,CC22,36.249298,-119.941597,72.0,CCSE CC22,2013-12-16T00:00:00.0,2015-10-11T21:04:57.0
TO,CC23,36.248901,-119.855103,57.0,CCSE CC23,2013-12-16T00:00:00.0,2015-10-11T21:27:05.0
TO,CC24,36.251301,-119.800797,56.0,CCSE CC24,2014-01-08T00:00:00.0,2015-10-11T22:45:32.0
TO,CC25,36.257599,-119.720299,56.0,CCSE CC25,2013-12-18T00:00:00.0,2015-10-11T23:06:16.0
TO,CC26,36.278999,-119.637398,58.0,CCSE CC26,2013-12-18T00:00:00.0,2015-10-11T23:27:47.0
TO,CC27,36.285999,-119.566101,64.0,CCSE CC27,2013-12-11T00:00:00.0,2015-10-12T00:35:59.0
TO,CC28,36.298401,-119.489098,70.0,CCSE CC28,2013-12-18T00:00:00.0,2015-10-12T00:04:32.0
TO,CC29,36.298698,-119.420898,103.0,CCSE CC29,2013-12-18T00:00:00.0,2015-10-12T21:17:13.0
TO,CC30,36.310001,-119.3423,105.0,CCSE CC30,2013-12-18T00:00:00.0,2015-09-22T14:15:26.0
TO,CC31,36.318298,-119.274101,93.0,CCSE CC31,2013-12-17T00:00:00.0,2015-10-12T14:31:51.0
TO,CC32,36.3326,-119.193398,112.0,CCSE CC32,2013-12-17T00:00:00.0,2015-10-12T16:03:39.0
TO,CC33,36.3442,-119.122398,126.0,CCSE CC33,2013-12-17T00:00:00.0,2015-10-12T15:04:35.0
TO,CC34,36.360001,-119.057899,173.0,CCSE CC34,2013-12-18T00:00:00.0,2015-10-12T16:09:46.0
TO,CC35,36.375599,-119.005699,194.0,CCSE CC35,2013-12-18T00:00:00.0,2015-10-12T18:33:33.0
TO,CC36,36.389301,-118.961998,265.0,CCSE CC36,2013-12-18T00:00:00.0,2015-10-12T17:38:41.0
TO,CC37,36.387798,-118.899498,654.0,CCSE CC37,2014-01-21T00:00:00.0,2015-10-12T16:11:53.0
TO,CC38,36.382198,-118.841202,755.0,CCSE CC38,2013-12-18T00:00:00.0,2015-10-12T18:27:12.0
TO,CC51,36.231602,-121.467796,236.0,CCSE CC51,2014-01-13T00:00:00.0,2015-07-15T17:00:47.0
TO,CC53,36.429199,-120.669701,636.0,CCSE CC53,2013-12-16T00:00:00.0,2015-01-06T01:05:06.0
TO,CC54,36.5331,-120.099998,58.0,CCSE CC54,2014-01-08T00:00:00.0,2015-10-11T21:04:40.0
TO,CC55,36.528801,-119.468102,86.0,CCSE CC55,2014-01-20T00:00:00.0,2015-10-12T20:35:49.0
TO,CC64,35.996201,-119.949699,88.0,CCSE CC64,2014-01-16T00:00:00.0,2015-10-10T16:18:58.0
TO,CC65,36.0368,-119.340401,81.0,CCSE CC65,2014-03-19T00:00:00.0,2015-05-10T18:41:50.0
US,CMB,38.035,-120.385002,719.0,"Columbia College, California, USA",1992-09-10T00:00:00.0,2007-02-08T00:00:00.0
XD,A01,32.577999,-116.921402,194.0,"Donovan prison, San Diego",2011-01-14T00:00:00.0,2012-08-18T23:59:59.0
XD,A02,32.5779,-116.847198,897.0,"BLM, Otay Mountain",2011-01-14T00:00:00.0,2012-08-18T23:59:59.0
XD,A03,32.569302,-116.774101,133.0,SD Water Department,2011-01-14T00:00:00.0,2012-08-18T23:59:59.0
XD,A04,32.574902,-116.710098,665.0,"Wentz, private",2011-01-14T00:00:00.0,2012-08-19T23:59:59.0
XD,A05,32.591801,-116.6595,500.0,"Borman, private",2011-01-14T00:00:00.0,2012-08-19T23:59:59.0
XD,A06,32.605999,-116.609001,708.0,Potrero fire station,2011-01-14T00:00:00.0,2012-08-19T23:59:59.0
XD,A08,32.629002,-116.468803,793.0,Campo fire station,2011-01-14T00:00:00.0,2012-08-19T23:59:59.0
XD,A09,32.6563,-116.420097,923.0,"La Posta, private",2011-01-14T00:00:00.0,2013-03-22T23:59:59.0
XD,A10,32.664501,-116.3386,1091.0,"Haselton, private",2011-01-14T00:00:00.0,2012-08-19T23:59:59.0
XD,A11,32.6712,-116.302803,1138.0,"Backer, private",2011-01-14T00:00:00.0,2013-03-22T23:59:59.0
XD,A12,32.6861,-116.256203,1036.0,McCain prison,2011-01-14T00:00:00.0,2013-03-21T23:59:59.0
XD,A13,32.656399,-116.186996,821.0,DeAnza Springs Resort,2011-01-14T00:00:00.0,2013-03-21T23:59:59.0
XD,A14,32.710098,-116.124702,520.0,Anza Borrego State Park,2011-01-17T00:00:00.0,2013-03-20T23:59:59.0
XD,A15,32.739201,-116.044601,225.0,BLM_near_shot_2081b,2011-03-01T00:00:00.0,2013-03-21T23:59:59.0
XD,A16,32.749699,-116.012001,135.0,"Emory, private",2011-01-14T00:00:00.0,2013-03-20T23:59:59.0
XE,SNP11,36.6992,-119.311996,171.0,SNP11,2005-05-22T00:00:00.0,2006-08-07T23:59:59.0
XE,SNP12,36.912601,-119.039902,1284.0,SNP12,2005-06-15T00:00:00.0,2007-05-31T23:59:59.0
XE,SNP23,37.123402,-119.214104,2087.0,SNP23,2005-06-20T00:00:00.0,2006-08-10T23:59:59.0
XE,SNP26,37.5718,-118.487503,1680.0,SNP26,2005-06-03T00:00:00.0,2006-07-28T23:59:59.0
XE,SNP28,37.8964,-118.157303,1641.0,SNP28,2005-06-06T00:00:00.0,2006-07-28T23:59:59.0
XE,SNP34,37.3909,-119.062698,2401.0,SNP34,2005-09-23T00:00:00.0,2007-05-30T23:59:59.0
XE,SNP37,37.816799,-118.545601,1939.0,SNP37,2005-06-02T00:00:00.0,2006-07-29T23:59:59.0
XE,SNP38,38.051399,-118.352798,2063.0,SNP38,2005-06-05T00:00:00.0,2006-07-28T23:59:59.0
XE,SNP43,37.412899,-119.484497,2274.0,SNP43,2005-07-19T00:00:00.0,2007-12-30T23:59:59.0
XE,SNP44,37.500301,-119.279099,2070.0,SNP44,2005-07-22T00:00:00.0,2006-08-07T23:59:59.0
XE,SNP46,37.783401,-118.901802,2751.0,SNP46,2005-07-26T00:00:00.0,2006-07-29T23:59:59.0
XE,SNP47,37.98,-118.729202,2074.0,SNP47,2005-06-02T00:00:00.0,2006-07-30T23:59:59.0
XE,SNP48,38.1693,-118.558502,1838.0,SNP48,2005-06-04T00:00:00.0,2006-07-31T23:59:59.0
XE,SNP51,37.252899,-120.058098,250.0,SNP51,2005-05-27T00:00:00.0,2006-08-08T23:59:59.0
XE,SNP52,37.342602,-119.814697,341.0,SNP52,2005-06-14T00:00:00.0,2006-08-08T23:59:59.0
XE,SNP53,37.513802,-119.674797,1459.0,SNP53,2005-06-21T00:00:00.0,2006-08-11T23:59:59.0
XE,SNP55,37.879601,-119.332497,1410.0,SNP55,2005-09-18T00:00:00.0,2007-12-30T23:59:59.0
XE,SNP63,37.722698,-119.806702,1906.0,SNP63,2005-08-03T00:00:00.0,2007-12-30T23:59:59.0
XE,SNP64,37.8652,-119.646896,2423.0,SNP64,2005-09-17T00:00:00.0,2007-12-30T23:59:59.0
XE,SNP67,38.2827,-119.147903,2277.0,SNP67,2005-06-11T00:00:00.0,2006-07-30T23:59:59.0
XE,SNP71,37.641998,-120.403801,157.0,SNP71,2005-05-21T00:00:00.0,2006-08-11T23:59:59.0
XE,SNP73,37.823299,-120.111603,982.0,SNP73,2005-07-18T00:00:00.0,2006-08-11T23:59:59.0
XE,SNP74,37.985401,-119.931801,1684.0,SNP74,2005-07-23T00:00:00.0,2007-05-28T23:59:59.0
XE,SNP75,38.128201,-119.696602,2665.0,SNP75,2005-09-04T00:00:00.0,2007-09-09T23:59:59.0
XE,SNP84,38.1562,-120.1465,1610.0,SNP84,2005-07-22T00:00:00.0,2007-05-26T23:59:59.0
XE,SNP85,38.284801,-119.953697,2003.0,SNP85,2005-07-21T00:00:00.0,2006-08-17T23:59:59.0
XE,SNP85,38.286098,-119.954498,2018.0,SNP85,2006-08-18T00:00:00.0,2007-05-26T23:59:59.0
XE,SNP87,38.681599,-119.611397,2708.0,SNP87,2006-08-03T00:00:00.0,2007-09-17T23:59:59.0
XE,SNP93,38.152599,-120.604599,402.0,SNP93,2006-08-01T00:00:00.0,2007-09-17T23:59:59.0
XE,SNP95,38.333099,-120.252602,1754.0,SNP95,2005-07-21T00:00:00.0,2007-05-28T23:59:59.0
XE,SNP96,38.475101,-120.042198,2243.0,SNP96,2006-08-05T00:00:00.0,2007-09-17T23:59:59.0
XE,SNP97,38.808998,-119.805801,1770.0,SNP97,2006-08-01T00:00:00.0,2007-09-17T23:59:59.0
XE,SNPA3,38.382301,-120.709099,578.0,SNPA3,2006-08-02T00:00:00.0,2007-09-18T23:59:59.0
XE,SNPA4,38.501801,-120.535004,1146.0,SNPA4,2006-08-02T00:00:00.0,2007-09-18T23:59:59.0
XE,SNPA7,39.008099,-119.894897,2350.0,SNPA7,2006-07-31T00:00:00.0,2007-09-16T23:59:59.0
XE,SNPB3,38.561901,-120.991096,245.0,SNPB3,2006-08-02T00:00:00.0,2007-09-18T23:59:59.0
XE,SNPB6,38.883701,-120.265297,2230.0,SNPB6,2006-08-01T00:00:00.0,2007-09-18T23:59:59.0
XE,SNPB7,39.051601,-120.1548,2021.0,SNPB7,2006-08-08T00:00:00.0,2007-12-30T23:59:59.0
XE,SNPB9,39.359699,-119.5914,1855.0,SNPB9,2006-08-09T00:00:00.0,2007-09-16T23:59:59.0
XE,SNPC3,38.702801,-121.196198,76.0,SNPC3,2006-08-02T00:00:00.0,2007-09-18T23:59:59.0
XE,SNPC5,39.027802,-120.753403,1006.0,SNPC5,2006-08-11T00:00:00.0,2007-09-19T23:59:59.0
XE,SNPC6,39.088902,-120.465698,1887.0,SNPC6,2006-09-03T00:00:00.0,2007-09-19T23:59:59.0
XE,SNPC7,39.314701,-120.388,2281.0,SNPC7,2006-08-19T00:00:00.0,2007-09-20T23:59:59.0
XE,SNPD4,39.0373,-121.169899,402.0,SNPD4,2006-08-17T00:00:00.0,2007-09-19T23:59:59.0
XE,SNPD5,39.194199,-120.931297,792.0,SNPD5,2006-08-03T00:00:00.0,2007-09-20T23:59:59.0
XE,SNPD7,39.624802,-120.575798,1669.0,SNPD7,2006-09-09T00:00:00.0,2007-09-20T23:59:59.0
XE,SNPD8,39.6502,-120.224602,1546.0,SNPD8,2006-08-07T00:00:00.0,2007-12-30T23:59:59.0
XE,SNPE4,39.236198,-121.346901,88.0,SNPE4,2006-08-03T00:00:00.0,2007-12-30T23:59:59.0
XE,SNPE5,39.383701,-121.162598,945.0,SNPE5,2006-08-12T00:00:00.0,2007-12-30T23:59:59.0
XE,SNPE6,39.478199,-120.845901,1479.0,SNPE6,2006-08-12T00:00:00.0,2007-12-30T23:59:59.0
XE,SNPF6,39.681801,-121.091301,1535.0,SNPF6,2006-08-12T00:00:00.0,2007-12-30T23:59:59.0
XE,SNPG5,39.719002,-121.527,652.0,SNPG5,2006-08-12T00:00:00.0,2007-12-30T23:59:59.0
XQ,ME45,39.466599,-122.959503,633.0,Lake_Pillsbury,2007-09-12T00:00:00.0,2009-12-31T23:59:59.0
XQ,ME46,39.195999,-122.968002,425.0,Witter_Springs,2007-09-13T00:00:00.0,2009-12-31T23:59:59.0
XQ,ME48,38.9063,-122.7603,714.0,Kelseyville,2007-09-11T00:00:00.0,2009-12-31T23:59:59.0
XQ,ME57,39.9118,-122.567596,266.0,Paskenta_South,2007-10-23T00:00:00.0,2009-12-31T23:59:59.0
XQ,ME59,39.830002,-121.833,135.0,N_Chico,2007-07-17T00:00:00.0,2009-12-31T23:59:59.0
XQ,ME61,39.532001,-122.295998,65.0,Willows,2007-10-23T00:00:00.0,2009-12-31T23:59:59.0
XQ,ME62,39.534,-121.918999,25.0,Ord_Bend,2007-07-19T00:00:00.0,2009-12-31T23:59:59.0
XQ,ME64,39.275101,-122.155197,-5.0,Maxwell,2007-10-24T00:00:00.0,2009-12-31T23:59:59.0
XQ,ME65,39.004902,-122.141602,91.0,Williams,2007-10-25T00:00:00.0,2009-12-31T23:59:59.0
XQ,ME82,39.719002,-121.527,658.0,Bill_Snyder,2007-09-18T00:00:00.0,2009-12-31T23:59:59.0
XQ,ME86,39.804298,-120.7136,1530.0,Berm,2007-09-20T00:00:00.0,2009-12-31T23:59:59.0
XQ,ME87,39.681801,-121.091301,1536.0,Lumpkin_Ridge,2007-09-19T00:00:00.0,2009-12-31T23:59:59.0
XQ,ME91,39.6502,-120.224602,1551.0,Silver_Hog_Heaven,2007-09-19T00:00:00.0,2009-12-31T23:59:59.0
XQ,ME92,39.4725,-120.040802,2555.0,Verdi_Peak,2007-09-18T00:00:00.0,2009-12-31T23:59:59.0
XQ,ME93,39.051601,-120.1548,2020.0,RUB,2007-09-18T00:00:00.0,2009-12-31T23:59:59.0
YB,MOJA,34.666985,-116.177467,736.6,West end of line,2018-04-24T18:42:14.0,2020-03-01T00:00:00.0
YN,BCCC,33.6469,-116.8107,849.0,BCCC,2011-11-30T00:00:00.0,2022-12-31T23:59:59.0
YN,FOST,33.7589,-116.7267,1794.0,FOST,2011-11-22T00:00:00.0,2014-01-10T23:59:59.0
YN,GVAR1,33.6663,-116.7066,1328.0,"GVAR1, Anza, CA, USA",2012-06-01T00:00:00.0,2022-12-31T23:59:59.0
YN,JF00,33.423302,-116.402298,660.0,JF00,2011-11-08T00:00:00.0,2016-11-17T23:59:59.0
YN,JFN1,33.423599,-116.402,657.0,JFN1,2011-11-08T00:00:00.0,2016-11-17T23:59:59.0
YN,JFN2,33.423698,-116.401802,659.0,JFN2,2011-11-08T00:00:00.0,2016-11-17T23:59:59.0
YN,JFN3,33.423901,-116.401604,661.0,JFN3,2011-11-08T00:00:00.0,2016-11-17T23:59:59.0
YN,JFN4,33.424599,-116.400902,667.0,JFN4,2011-11-08T00:00:00.0,2016-11-17T23:59:59.0
YN,JFS1,33.423199,-116.402496,663.0,JFS1,2011-11-08T00:00:00.0,2016-11-17T23:59:59.0
YN,JFS2,33.4231,-116.402603,660.0,JFS2,2011-11-08T00:00:00.0,2016-11-17T23:59:59.0
YN,JFS3,33.422901,-116.402802,657.0,JFS3,2011-11-08T00:00:00.0,2016-11-17T23:59:59.0
YN,JFS4,33.422298,-116.403801,659.0,JFS4,2011-11-08T00:00:00.0,2016-11-17T23:59:59.0
YN,JORD,33.4722,-116.645,1235.0,JORD,2011-11-23T00:00:00.0,2022-12-31T23:59:59.0
YN,PRAN,33.657001,-116.591904,1673.0,PRAN,2012-07-06T00:00:00.0,2018-11-17T23:59:59.0
YN,RHIL,33.6732,-116.7713,1557.0,RHIL,2012-08-23T00:00:00.0,2022-12-31T23:59:59.0
YN,SFTR,33.640999,-116.750198,1242.0,SFTR,2011-10-02T00:00:00.0,2018-11-16T23:59:59.0
YN,TFRD,33.4948,-116.6022,1000.0,"Ford Ranch, Anza, CA, USA",2012-12-12T00:00:00.0,2022-12-31T23:59:59.0
YN,TR01,33.422901,-116.413498,774.0,TR01,2011-11-08T00:00:00.0,2017-11-02T23:59:59.0
YN,TR02,33.418301,-116.416801,770.0,TR02,2011-11-08T00:00:00.0,2017-11-02T23:59:59.0
YN,TR03,33.4095,-116.423302,739.0,TR03,2011-11-08T00:00:00.0,2017-11-02T23:59:59.0
YN,TR04,33.3988,-116.426003,774.0,TR04,2011-11-08T00:00:00.0,2017-11-02T23:59:59.0
YN,WRDG,33.7312,-116.727,1599.0,WRDG,2012-07-06T00:00:00.0,2022-12-31T23:59:59.0
YU,BYR,37.817501,-121.641296,28.0,BYR,2006-09-20T00:00:00.0,2013-06-06T23:59:59.0
YU,CEC,37.938099,-121.596802,-22.0,CEC,2008-05-08T00:00:00.0,2013-06-05T23:59:59.0
YU,CLE,38.192501,-121.085899,41.0,CLE,2012-06-01T00:00:00.0,2013-06-14T23:59:59.0
YU,DIX,38.377102,-121.8424,16.0,DIX,2012-08-16T00:00:00.0,2014-12-31T23:59:59.0
YU,ELK,38.373501,-121.362099,14.0,ELK,2012-08-27T00:00:00.0,2014-12-31T23:59:59.0
YU,EMR,38.060501,-121.499298,2.0,EMR,2008-09-03T00:00:00.0,2014-12-31T23:59:59.0
YU,HOL2,37.973301,-121.582298,28.0,HOL2,2008-02-28T00:00:00.0,2013-06-05T23:59:59.0
YU,HOL3,37.973301,-121.584396,28.0,HOL3,2008-02-28T00:00:00.0,2010-12-29T23:59:59.0
YU,MCD,37.980202,-121.473396,2.0,MCD,2011-07-06T00:00:00.0,2014-12-31T23:59:59.0
YU,MOD,37.620201,-121.122299,16.0,MOD,2012-08-07T00:00:00.0,2014-12-31T23:59:59.0
YU,PLA,37.798698,-121.463097,-18.0,PLA,2008-08-29T00:00:00.0,2014-12-31T23:59:59.0
YU,SIA,38.050201,-121.736801,2.0,SIA,2011-11-02T00:00:00.0,2014-12-31T23:59:59.0
YU,SMT,37.998199,-121.625198,2.0,SMT,2006-09-20T00:00:00.0,2010-09-16T23:59:59.0
YU,SRT,38.0107,-121.624603,2.0,SRT,2006-09-20T00:00:00.0,2013-06-05T23:59:59.0
YU,STF,37.9925,-121.451599,-12.0,STF,2008-06-17T00:00:00.0,2011-04-22T23:59:59.0
YU,WHR,37.898399,-121.450798,-29.0,WHR,2008-05-29T00:00:00.0,2013-06-28T23:59:59.0
BK,BDM,37.95397,-121.86554,219.8,"Black Diamond Mines Park, Antioch, CA, USA",1998-11-12T00:00:00.0,3000-01-01T00:00:00.0
BK,BKS,37.87622,-122.23558,243.9,"Byerly Seismographic Vault, Berkeley, CA, USA",1987-05-05T00:00:00.0,3000-01-01T00:00:00.0
BK,BL67,37.87492,-122.24318,736.18,"LBL Building 67, Berkeley, CA, USA",2011-04-15T18:00:00.0,3000-01-01T00:00:00.0
BK,BRIB,37.91886,-122.15179,219.7,"Briones Reserve, Orinda, CA, USA",1995-06-23T16:00:00.0,2014-12-16T03:00:00.0
BK,BRIB,37.91932,-122.15269,237.0,"Briones Reserve, Orinda, CA, USA",2019-09-17T01:20:00.0,3000-01-01T00:00:00.0
BK,BRK,37.87352,-122.26099,49.4,"Haviland Hall, Berkeley, CA, USA",1996-08-16T00:00:00.0,3000-01-01T00:00:00.0
BK,CMB,38.03455,-120.38651,697.0,"Columbia College, Columbia, CA, USA",1986-10-25T00:00:00.0,3000-01-01T00:00:00.0
BK,CVS,38.34526,-122.4584,295.1,"Carmenet Vineyards, Sonoma, CA, USA",1998-05-06T00:00:00.0,3000-01-01T00:00:00.0
BK,DANT,40.2946,-121.8021,967.0,"Paynes Creek, CA, USA",2016-11-18T12:00:00.0,3000-01-01T00:00:00.0
BK,DCMP,39.46897,-123.337498,450.0,"Taylor Ranch; Willits, CA USA",2017-07-28T23:59:00.0,3000-01-01T00:00:00.0
BK,ELFS,40.61835,-120.72791,1554.5,"Eagle Lake Biol. Field Stn., Susanville, CA, USA",2005-05-19T00:00:00.0,2007-10-10T17:44:00.0
BK,FARB,37.69782,-123.0011,-18.5,"Farallon Islands, CA, USA",1997-03-15T00:00:00.0,3000-01-01T00:00:00.0
BK,GASB,39.65471,-122.71595,1354.8,"Alder Springs, CA, USA",2005-09-22T00:00:00.0,3000-01-01T00:00:00.0
BK,HAST,36.3887,-121.5514,542.0,"UC Hastings Preserve, Carmel Valley, CA, USA",2006-02-02T00:00:00.0,2019-02-27T19:57:00.0
BK,HATC,40.8161,-121.46117,1009.3,"Hat Creek Radio Astronomy Obs., Cassel, CA, USA",2005-05-18T00:00:00.0,3000-01-01T00:00:00.0
BK,HELL,36.680111,-119.02282,1140.0,"Rademacher Property, Miramonte, CA, USA",2005-04-09T00:00:00.0,3000-01-01T00:00:00.0
BK,HOPS,38.99349,-123.07234,299.1,"Hopland Research and Extension Center, Hopland, CA",1994-10-21T02:23:00.0,3000-01-01T00:00:00.0
BK,HULI,36.02134,-121.23554,342.0,"Fort Hunter Liggett, CA",2017-08-11T18:00:00.0,3000-01-01T00:00:00.0
BK,JCC,40.81745,-124.02955,27.25,"Jacoby Creek, Bayside, CA, USA",2001-04-11T21:27:00.0,3000-01-01T00:00:00.0
BK,JRSC,37.40373,-122.23868,70.5,"Jasper Ridge Biol. Preserve, Stanford, CA, USA",1994-06-30T21:20:00.0,3000-01-01T00:00:00.0
BK,KCC,37.32363,-119.3187,888.1,"Kaiser Creek, CA, USA",1995-12-09T00:00:00.0,3000-01-01T00:00:00.0
BK,MCCM,38.14478,-122.88018,-7.7,"Marconi Conference Center, Marshall, CA, USA",2006-02-03T18:30:00.0,3000-01-01T00:00:00.0
BK,MHC,37.34164,-121.64257,1250.4,"Lick Observatory, Mt. Hamiliton, CA, USA",1986-09-10T00:00:00.0,3000-01-01T00:00:00.0
BK,MNRC,38.87874,-122.44277,709.87,"McLaughlin Natural Reserve (UC Davis), CA, USA",2003-06-19T15:00:00.0,3000-01-01T00:00:00.0
BK,MOBB,36.69065,-122.16603,-1036.5,"Monterey Bay Ocean Bottom, CA, USA",2002-04-10T18:43:00.0,2016-08-03T19:29:00.0
BK,MOD,41.90246,-120.30295,1554.5,"Modoc Plateau, CA, USA",1999-10-16T00:00:00.0,3000-01-01T00:00:00.0
BK,MTOS,37.5049,-121.3278,310.0,"Mt Oso, Westley, CA, USA",2017-05-06T00:20:00.0,3000-01-01T00:00:00.0
BK,ORV,39.55451,-121.50036,334.7,"Oroville Dam, Oroville, CA, USA",1992-07-31T18:50:00.0,3000-01-01T00:00:00.0
BK,OXMT,37.49936,-122.42431,209.1,"Ox Mountain, CA, USA",2003-12-20T00:10:00.0,3000-01-01T00:00:00.0
BK,PACP,37.008,-121.287,844.0,"Pacheco Peak, CA, USA",2003-06-19T15:00:00.0,3000-01-01T00:00:00.0
BK,PETY,40.1766,-122.7884,962.0,"Long Grade, Pettyjohn, CA; Formerly TA# O02D",2017-09-14T23:59:00.0,3000-01-01T00:00:00.0
BK,PKD,35.94517,-120.5416,583.0,"Bear Valley Ranch, Parkfield, CA, USA",1996-09-06T16:28:00.0,3000-01-01T00:00:00.0
BK,RAMR,35.63597,-120.86984,416.8,"Ramage Ranch, Paso Robles, CA, USA",2004-11-06T00:00:00.0,3000-01-01T00:00:00.0
BK,SAO,36.76403,-121.44722,317.2,"San Andreas Geophysical Obs., Hollister, CA, USA",1988-01-28T00:00:00.0,3000-01-01T00:00:00.0
BK,SCOT,41.392,-122.8538,960.0,"Callahan, CA, USA",2017-06-14T23:45:00.0,3000-01-01T00:00:00.0
BK,SCZ,36.598,-121.403,261.0,"Chualar Canyon, Santa Cruz, CA, USA",2013-04-10T22:27:00.0,3000-01-01T00:00:00.0
BK,SHEP,41.7826,-121.8393,1391.0,"Macdoel, CA, USA",2016-12-21T01:17:00.0,3000-01-01T00:00:00.0
BK,SUTB,39.2291,-121.7861,252.0,"Sutter Buttes, CA, USA",2005-10-16T00:00:00.0,3000-01-01T00:00:00.0
BK,TCHL,35.688123,-120.400916,431.0,"Clark Property, Shandon, CA, USA",2013-06-19T19:45:00.0,3000-01-01T00:00:00.0
BK,THIS,35.72405,-120.22845,643.0,"South End of Cholame Valley, Shandon, CA, USA",2012-05-07T16:25:00.0,3000-01-01T00:00:00.0
BK,TRAM,35.67691,-120.27093,642.0,"Rambo Property, Shandon, CA, USA",2012-12-13T00:46:00.0,3000-01-01T00:00:00.0
BK,TRIN,40.9741,-122.705,935.0,"Scott Ranch, Trinity Center, CA USA",2017-07-12T16:00:00.0,3000-01-01T00:00:00.0
BK,TSCN,35.543978,-120.348062,476.4672,"Shell Creek North, Shandon, CA, USA",2012-03-09T00:00:00.0,3000-01-01T00:00:00.0
BK,VAK,37.877526,-122.24889,266.0,"LBL B46 Tunnel, Berkeley, CA, USA",2010-08-31T00:00:00.0,3000-01-01T00:00:00.0
BK,WDC,40.57988,-122.54113,268.3,"Whiskeytown Dam, Whiskeytown, CA, USA",1992-09-17T19:23:00.0,3000-01-01T00:00:00.0
BK,WENL,37.62211,-121.75697,138.9,"Wente Vineyards, Livermore, CA, USA",1997-06-21T01:11:00.0,3000-01-01T00:00:00.0
BK,YBH,41.73204,-122.71039,1059.7,"Yreka Blue Horn Mine, Yreka, CA, USA",1993-07-24T01:03:00.0,3000-01-01T00:00:00.0
NC,AFD,38.945961,-120.968971,505.0,Forest Hills Divide #2,1984-01-01T00:00:00.0,3000-01-01T00:00:00.0
NC,BBGB,36.578484,-121.039566,1089.0,Big Mountain #3,2008-06-27T20:52:00.0,3000-01-01T00:00:00.0
NC,CMW,37.540531,-121.887344,369.0,Mill Creek,2012-01-11T21:17:00.0,3000-01-01T00:00:00.0
NC,GDXB,38.807968,-122.795303,939.0,Geysers,2006-05-23T00:00:00.0,3000-01-01T00:00:00.0
NC,KBO,42.212357,-124.225983,1010.0,Bosley Butte,2001-08-29T20:00:00.0,2020-06-25T16:54:00.0
NC,KCPB,39.68631,-123.58242,1261.0,Cahto Peak #2,1999-08-03T00:00:00.0,3000-01-01T00:00:00.0
NC,KCT,40.475567,-124.337486,378.0,Cape Town,1984-01-01T00:00:00.0,3000-01-01T00:00:00.0
NC,KHBB,40.659901,-123.219658,1864.0,Hayfork Bally,2003-09-11T23:30:00.0,3000-01-01T00:00:00.0
NC,KHMB,40.874748,-123.73259,1501.0,Horse Mountain,1999-08-06T00:00:00.0,3000-01-01T00:00:00.0
NC,KMPB,40.417194,-124.120758,938.0,Mount Pierce,2000-04-27T00:00:00.0,3000-01-01T00:00:00.0
NC,KMR,40.202175,-123.708633,915.0,Mail Ridge,2003-07-25T16:16:00.0,3000-01-01T00:00:00.0
NC,KRMB,41.522957,-123.907974,1266.0,Red Mountain,2001-06-16T19:10:00.0,3000-01-01T00:00:00.0
NC,KRP,41.157654,-124.0233,813.0,Rodgers #3,1984-01-01T00:00:00.0,3000-01-01T00:00:00.0
NC,KSXB,41.830379,-123.876884,1136.0,Camp Six,2001-07-13T20:47:00.0,3000-01-01T00:00:00.0
NC,LDH,40.511902,-121.581596,2060.0,Deep Hole (Lassen),2005-09-19T11:00:00.0,3000-01-01T00:00:00.0
NC,LDL,41.38136,-122.29369,1706.0,Dillon Ridge,2017-10-05T00:00:00.0,3000-01-01T00:00:00.0
NC,LGY,41.34488,-122.19581,2420.0,Grey Butte (Mt Shasta),2017-09-14T21:30:00.0,3000-01-01T00:00:00.0
NC,LMC,41.274158,-122.121971,1062.0,McCloud,2009-08-06T22:41:00.0,3000-01-01T00:00:00.0
NC,MCB,37.644394,-118.896835,2391.0,Casa Benchmark,2002-09-20T00:00:00.0,3000-01-01T00:00:00.0
NC,MDPB,37.632267,-119.079353,2360.0,Devils Postpile,2008-09-25T19:49:00.0,3000-01-01T00:00:00.0
NC,MDY,37.658039,-119.012154,2789.0,Dry Creek,2011-11-03T16:07:00.0,3000-01-01T00:00:00.0
NC,MINS,37.65377,-119.060928,2796.0,Minaret Summit,2011-10-20T20:16:00.0,3000-01-01T00:00:00.0
NC,MLI,37.636761,-119.017906,3075.0,Lincoln Peak,2011-10-05T00:24:00.0,3000-01-01T00:00:00.0
NC,MMLB,37.659092,-118.979065,2656.0,Mammoth Lakes Knolls,2002-09-17T00:00:00.0,3000-01-01T00:00:00.0
NC,PAGB,35.730652,-120.249863,480.0,Antelope Grade,2004-10-04T00:00:00.0,3000-01-01T00:00:00.0
NC,PMPB,36.215904,-120.801262,802.0,Monarch Peak,2004-05-21T20:08:00.0,3000-01-01T00:00:00.0
NN,EMB,38.9744,-120.102898,2134.2,"Emerald Bay, California w84",2599-12-31T23:59:59.0,3000-01-01T00:00:00.0
NN,LHV,38.251301,-118.504898,2353.0,Little Huntoon Valley,2599-12-31T23:59:59.0,3000-01-01T00:00:00.0
NN,OMMB,37.613098,-119.000504,2768.0,"Old Mammoth Mine, surface, wgs-84",2599-12-31T23:59:59.0,3000-01-01T00:00:00.0
NN,PNT,39.0891,-119.5997,2076.0,"Pine Nut, Nevada w84",2599-12-31T23:59:59.0,3000-01-01T00:00:00.0
NN,REDF,39.389999,-119.764702,1466.0,"Redfield Campus, S. Reno, Nevada",2599-12-31T23:59:59.0,3000-01-01T00:00:00.0
NP,DIX,38.37706,-121.842377,16.0,Maine Praire Water Dst,2599-12-31T23:59:59.0,3000-01-01T00:00:00.0
NP,MOD,37.620201,-121.122284,16.0,Modesto Volunteer FS,2599-12-31T23:59:59.0,3000-01-01T00:00:00.0
NP,SIA,38.050282,-121.736687,-1.0,Sherman Island,2599-12-31T23:59:59.0,3000-01-01T00:00:00.0
SB,CPSLO,35.3021,-120.6672,84.4,"Cal Poly, SLO",3000-01-01T00:00:00.0,3000-01-01T23:59:59.0
G,SCZ,36.59798,-121.40481,261.0,"Chualar Canyon - Santa Cruz - California, USA",1986-06-11T00:00:00.0,2013-01-01T16:00:00.0
AZ,BZN,33.4915,-116.667,1301.0,"Buzz Northerns Place, Anza, CA, USA",2599-12-31T23:59:59.0,3000-01-01T00:00:00.0
AZ,CPE,32.8889,-117.1051,150.0,"Camp Elliot, Miramar, CA, USA",2599-12-31T23:59:59.0,3000-01-01T00:00:00.0
AZ,CRY,33.5654,-116.7373,1128.0,"Cary Ranch, Anza, CA, USA",2599-12-31T23:59:59.0,3000-01-01T00:00:00.0
AZ,FRD,33.4947,-116.6022,1164.0,"Ford Ranch, Anza, CA, USA",2599-12-31T23:59:59.0,3000-01-01T00:00:00.0
AZ,MONP2,32.892,-116.4223,1875.0,"Monument Peak TA Vault, Mt. Laguna, CA, USA",2599-12-31T23:59:59.0,3000-01-01T00:00:00.0
AZ,SIO5,32.8407,-117.2497,217.0,"Mt. Soledad, La Jolla, CA",2599-12-31T23:59:59.0,3000-01-01T00:00:00.0
AZ,SMER,33.4577,-117.1708,355.7,"Santa Margarita Ecological Reserve, CA, USA",2599-12-31T23:59:59.0,3000-01-01T00:00:00.0
AZ,SND,33.5519,-116.6129,1358.0,"Jim Saunders Place, Anza, CA, USA",2599-12-31T23:59:59.0,3000-01-01T00:00:00.0
AZ,TRO,33.5234,-116.4257,2628.0,"Toro Peak, Riverside Co, CA, USA",2599-12-31T23:59:59.0,3000-01-01T00:00:00.0
AZ,WMC,33.5736,-116.6747,1271.0,"Walmic Ranch, Anza, CA, USA",2599-12-31T23:59:59.0,3000-01-01T00:00:00.0
BC,CBX,32.3131,-116.6636,1250.0,CERRO BOLA MEX,2599-12-31T23:59:59.0,3000-01-01T00:00:00.0
BC,CCX,31.867887,-116.66446,36.6,CICESE CCX,2599-12-31T23:59:59.0,3000-01-01T00:00:00.0
BC,RMX,32.5535,-116.0288,1278.0,Rumorosa,2599-12-31T23:59:59.0,3000-01-01T00:00:00.0
BC,TJX,32.51017,-117.0543,210.0,Tijuana,2599-12-31T23:59:59.0,3000-01-01T00:00:00.0
BC,TKX,32.5687,-116.6075,541.0,Tecate,2599-12-31T23:59:59.0,3000-01-01T00:00:00.0
NN,BEK,39.8666,-120.359596,1743.0,"Beckworth, California w84",2599-12-31T23:59:59.0,3000-01-01T00:00:00.0
NN,CMK6,39.3102,-118.119301,1332.0,"Chalk Mountain, Churchill County, NV, USA",2599-12-31T23:59:59.0,3000-01-01T00:00:00.0
NN,CTC,39.207699,-120.125999,2147.0,N. Tahoe City Carnelian Bay,2599-12-31T23:59:59.0,3000-01-01T00:00:00.0
NN,DSP,37.368,-117.972198,1692.0,"Deep Springs, California w84gm",2599-12-31T23:59:59.0,3000-01-01T00:00:00.0
NN,KVN,39.048401,-118.101196,1829.0,"Kaiserville, Nevada w84gm",2599-12-31T23:59:59.0,3000-01-01T00:00:00.0
NN,MPK,39.292801,-120.0364,2599.0,"Martis Peak, California w84gm",2599-12-31T23:59:59.0,3000-01-01T00:00:00.0
NN,MZPB,37.700802,-117.383797,2371.0,"Montezuma,NV,USA analog reactivation",2599-12-31T23:59:59.0,3000-01-01T00:00:00.0
NN,PAH,39.710602,-119.385399,1520.0,"Pah Rah Range, Nevada w84gm",2599-12-31T23:59:59.0,3000-01-01T00:00:00.0
NN,Q09A,38.834,-117.181602,1703.5,"Carvers, NV, USA - NN reactivation",2599-12-31T23:59:59.0,3000-01-01T00:00:00.0
NN,RUB,39.051701,-120.1549,2045.2,"Rubicon Trail, California w84",2599-12-31T23:59:59.0,3000-01-01T00:00:00.0
NN,RYN,38.628101,-118.522301,1651.0,"Ryan, Nevada w84,gps",2599-12-31T23:59:59.0,3000-01-01T00:00:00.0
NN,TBRD,39.173199,-119.930901,1952.0,"Thunderbird Lodge, Lake Tahoe, NV",2599-12-31T23:59:59.0,3000-01-01T00:00:00.0
NN,VCN,39.295601,-119.650299,1928.0,"Virginia City, Nevada gps",2599-12-31T23:59:59.0,3000-01-01T00:00:00.0
NN,WAK,38.504299,-119.438202,1890.0,"Walker, California w84",2599-12-31T23:59:59.0,3000-01-01T00:00:00.0
NN,WDEM,39.584099,-119.809898,1572.0,"Washoe County DEM, Nevada",2599-12-31T23:59:59.0,3000-01-01T00:00:00.0
NN,WLDB,36.792702,-116.626602,955.0,"Wildcat Mountain, NV, USA analog reactivation",2599-12-31T23:59:59.0,3000-01-01T00:00:00.0
NN,YER,38.985199,-119.240601,1857.0,"Yerington, Nevada w84gm",2599-12-31T23:59:59.0,3000-01-01T00:00:00.0
NN,ZPR,39.0131,-119.937599,2001.0,"Zephyr Cove, Lake Tahoe, Nevada",2599-12-31T23:59:59.0,3000-01-01T00:00:00.0
NP,ELK,38.373493,-121.362129,14.0,Elk Grove,2599-12-31T23:59:59.0,3000-01-01T00:00:00.0
NP,EMR,38.060509,-121.499298,2.0,Eight Mile Road,2015-07-28T18:50:00.0,2015-07-30T23:59:00.0
NP,KIR,38.05513,-121.458206,5.0,King Island Resort,2599-12-31T23:59:59.0,3000-01-01T00:00:00.0
NP,PLA,37.798672,-121.46315,-18.0,Platti Road,2599-12-31T23:59:59.0,3000-01-01T00:00:00.0
SB,CPSLO,35.302109,-120.66716,88.1,CalPoly San Luis Obispo,2599-12-31T23:59:59.0,3000-01-01T00:00:00.0
SN,HEL,36.724602,-116.975899,747.0,"Hell's Gate, California w84",2599-12-31T23:59:59.0,3000-01-01T00:00:00.0
CI,SOF,33.370548,-117.557404,10.0,"San Onofre, San Onofre, Ca, CA, USA",2015-04-28T00:00:00.0,2599-12-31T23:59:59.0
CI,ACP,32.9546,-116.30338,392.2,Agua Caliente County Park,2014-12-31T00:00:00.0,3000-01-01T00:00:00.0
CI,ADO,34.55046,-117.43391,908.0,Adelanto Receiving,2000-08-09T00:00:00.0,3000-01-01T00:00:00.0
CI,AGA,33.63838,-116.4011,809.0,Agave Hill,1999-11-16T00:00:00.0,2005-05-11T00:00:00.0
CI,ALP,34.68708,-118.29946,753.0,Antelope,1999-10-05T00:00:00.0,3000-01-01T00:00:00.0
CI,ARV,35.1269,-118.83009,258.0,Arvin,1983-09-15T00:00:00.0,3000-01-01T00:00:00.0
CI,AVM,35.06562,-116.61549,708.5,Alvord Mountain,2015-05-12T16:50:00.0,3000-01-01T00:00:00.0
CI,BAK,35.34444,-119.10445,116.0,Calstate Bakersfield,1999-06-21T00:00:00.0,3000-01-01T00:00:00.0
CI,BAR,32.68005,-116.67215,529.0,Barrett,1932-09-04T00:00:00.0,3000-01-01T00:00:00.0
CI,BBR,34.2623,-116.92075,2069.0,Big Bear Solar Observatory,2000-06-14T22:00:00.0,3000-01-01T00:00:00.0
CI,BBS,33.92139,-116.98058,785.0,Beaumont Base,2000-09-13T00:00:00.0,3000-01-01T00:00:00.0
CI,BC3,33.65515,-115.45366,1137.0,Big Chuckawalla Mtns,1991-05-08T00:00:00.0,3000-01-01T00:00:00.0
CI,BCC,33.57508,-117.26119,391.0,Bear Creek Country Club,2000-07-11T22:45:00.0,2005-08-08T19:00:00.0
CI,BCW,34.94009,-119.41313,1101.0,Bitter Creek Wildlife,2008-04-08T19:00:00.0,3000-01-01T00:00:00.0
CI,BEL,34.0006,-115.9982,1388.0,Belle Mountain Joshua Tree,2001-03-15T00:00:00.0,3000-01-01T00:00:00.0
CI,BFS,34.23883,-117.65853,1312.0,Mt. Baldy Ranger Station,2001-07-10T00:00:00.0,3000-01-01T00:00:00.0
CI,BHP,33.99053,-118.36171,81.0,Baldwin Hills,2009-05-20T19:45:00.0,3000-01-01T00:00:00.0
CI,BKR,35.2693,-116.0703,275.0,Baker,1996-10-14T00:00:00.0,2002-02-21T16:15:00.0
CI,BLA,34.06948,-116.38896,1243.0,Blackrock Canyon Campground,2000-04-11T00:00:00.0,2009-01-06T19:01:00.0
CI,BLA2,34.06931,-116.38993,1247.0,Black Rock Canyon Campground 2,2009-08-05T18:11:00.0,3000-01-01T00:00:00.0
CI,BLC,34.24356,-118.67312,607.0,Black Canyon,1994-02-01T00:00:00.0,3000-01-01T00:00:00.0
CI,BLY,33.7503,-114.52375,201.0,Blythe,2004-11-08T19:18:00.0,3000-01-01T00:00:00.0
CI,BOM,33.36465,-115.72963,-54.0,Bombay Beach,2009-02-10T19:10:00.0,3000-01-01T00:00:00.0
CI,BOR,33.2682,-116.41716,252.0,Borrego Springs,2000-06-14T00:00:00.0,3000-01-01T00:00:00.0
CI,BRE,33.80776,-117.98116,24.0,Barre,2000-02-25T00:00:00.0,3000-01-01T00:00:00.0
CI,BTC,33.01213,-115.21987,39.0,Brunts Corner,1999-04-02T00:00:00.0,2012-08-31T20:07:00.0
CI,BTP,34.68224,-118.57398,1702.0,Burnt Peak,1997-12-03T00:00:00.0,3000-01-01T00:00:00.0
CI,CAP,33.38822,-117.19495,285.0,Capra Ranch,2000-04-13T00:00:00.0,2007-10-25T15:00:00.0
CI,CAR,35.30819,-119.84583,765.0,Carrizo Plain,2006-04-07T00:00:00.0,3000-01-01T00:00:00.0
CI,CCA,35.15252,-118.01649,710.0,California City Airport,2002-04-04T00:00:00.0,3000-01-01T00:00:00.0
CI,CCC,35.52495,-117.36453,670.0,Christmas Canyon China Lake,2001-06-22T00:00:00.0,3000-01-01T00:00:00.0
CI,CDD,32.58395,-114.35617,213.6,Camino Del Diablo,2016-09-19T00:00:00.0,3000-01-01T00:00:00.0
CI,CDM,34.36855,-119.341437,166.8,Casitas Dam,2019-06-17T00:00:00.0,3000-01-01T00:00:00.0
CI,CGO,36.5504,-117.80295,2795.0,Cerro Gordo,2001-12-11T00:00:00.0,3000-01-01T00:00:00.0
CI,CHF,34.33341,-118.02585,1594.0,Chilao Flat Rngr Sta,1998-11-03T00:00:00.0,3000-01-01T00:00:00.0
CI,CHN,33.99879,-117.68044,208.0,Chino,1999-10-12T00:00:00.0,3000-01-01T00:00:00.0
CI,CHR,34.729019,-119.392693,1021.8,Ventucopa,2017-06-21T00:00:00.0,3000-01-01T00:00:00.0
CI,CIA,33.401898,-118.415021,477.0,Catalina Island Airport,1998-09-10T00:00:00.0,3000-01-01T00:00:00.0
CI,CIU,33.44577,-118.483,36.5,Catalina Island,1997-06-18T00:00:00.0,1998-10-01T00:00:00.0
CI,CJM,34.27117,-117.42448,1616.0,Cajon Mountain,2011-11-17T00:00:00.0,3000-01-01T00:00:00.0
CI,CJV2,34.52978,-118.1445,1296.0,Casa Juvan 2,2013-11-14T00:00:00.0,3000-01-01T00:00:00.0
CI,CKP,33.55507,-114.8904,145.0,Chuckwalla Valley State Prison,2016-11-16T00:00:00.0,3000-01-01T00:00:00.0
CI,CLC,35.81574,-117.59751,775.0,China Lake,1948-07-08T00:00:00.0,3000-01-01T00:00:00.0
CI,CLT,34.09284,-117.31687,325.0,Calectric,1999-10-28T00:00:00.0,3000-01-01T00:00:00.0
CI,COA,32.86341,-115.12339,36.0,Coachella,1973-03-31T00:00:00.0,3000-01-01T00:00:00.0
CI,COO,33.89604,-118.21639,20.9,Compton,1996-04-25T00:00:00.0,2000-03-30T18:07:00.0
CI,CPP,34.0602,-117.809,205.0,Cal Poly Pomona,1997-02-07T00:00:00.0,2003-11-10T00:00:00.0
CI,CRG,35.2422,-119.72486,1169.0,Crocker Grade,1976-07-21T00:00:00.0,3000-01-01T00:00:00.0
CI,CRP,34.13624,-118.12705,233.0,Caltech Robinson Pit,2003-01-31T00:00:00.0,2008-11-04T16:30:00.0
CI,CRR,32.88682,-115.96918,66.0,Carrizo,1950-04-09T00:00:00.0,3000-01-01T00:00:00.0
CI,CSH,33.6442,-116.5956,1637.0,Camp Scherman,2016-02-01T00:00:00.0,3000-01-01T00:00:00.0
CI,CTC,33.65516,-115.99006,538.0,Cactus City,2000-04-27T00:00:00.0,3000-01-01T00:00:00.0
CI,CTW,33.67728,-115.87214,504.0,Cottonwood Mtns,1977-08-31T00:00:00.0,3000-01-01T00:00:00.0
CI,CWC,36.439047,-118.080495,1569.5,Cottonwood Creek,1965-10-15T00:00:00.0,3000-01-01T00:00:00.0
CI,CWP,33.557975,-117.55775,242.6,Ronald W. Caspers Wilderness Park,2018-02-14T20:00:00.0,3000-01-01T00:00:00.0
CI,CYP,32.906111,-116.627222,1013.7,Cuyamaca Peak,2017-07-14T17:00:00.0,3000-01-01T00:00:00.0
CI,DAN,34.63745,-115.38115,428.0,Danby,1998-09-22T00:00:00.0,3000-01-01T00:00:00.0
CI,DAW,36.27148,-117.59214,0.0,Darwin,2017-02-27T00:00:00.0,3000-01-01T00:00:00.0
CI,DEC,34.25353,-118.33383,519.0,Green Verdugo Site,2000-08-10T20:30:00.0,3000-01-01T00:00:00.0
CI,DEV,33.93597,-116.57794,337.0,Devers,1997-11-11T00:00:00.0,3000-01-01T00:00:00.0
CI,DGR,33.65001,-117.00947,650.0,Domenigoni,1993-06-22T00:00:00.0,3000-01-01T00:00:00.0
CI,DJJ,34.10618,-118.45505,268.0,Donna Jones Jenkins,1998-11-09T00:00:00.0,3000-01-01T00:00:00.0
CI,DLA,33.84822,-118.09624,14.0,Del Amo,2000-05-04T23:59:00.0,3000-01-01T00:00:00.0
CI,DNR,33.56667,-116.63056,1274.0,Dunn Ranch,2001-10-22T00:00:00.0,3000-01-01T00:00:00.0
CI,DPP,32.99889,-116.94187,463.0,Dos Picos County Park,2000-10-24T00:00:00.0,3000-01-01T00:00:00.0
CI,DRC,32.8054,-115.44654,-15.0,Desert Research Center,1998-10-02T00:00:00.0,2002-07-17T00:00:00.0
CI,DRE,32.80532,-115.44679,-13.0,Desert Research Extended Center,2002-07-17T00:00:00.0,3000-01-01T00:00:00.0
CI,DSC,35.14255,-116.10395,283.0,Desert Studies Center,2002-10-29T00:00:00.0,3000-01-01T00:00:00.0
CI,DSN5,34.17141,-118.18523,341.0,CI DSN5 test vault - 1st datalogger,2010-03-19T00:00:00.0,3000-01-01T00:00:00.0
CI,DSN6,34.17141,-118.18523,341.0,CI DSN6 test vault - 2nd datalogger,2010-03-19T00:00:00.0,3000-01-01T00:00:00.0
CI,DTP,35.26742,-117.84581,908.0,Desert Tortoise Park,1981-05-31T00:00:00.0,3000-01-01T00:00:00.0
CI,DVT,32.65915,-116.10061,881.0,Desert View Tower,2001-06-22T00:00:00.0,2010-01-14T00:05:00.0
CI,DZA,32.60657,-116.77477,554.7,Dulzura,2016-03-21T00:00:00.0,3000-01-01T00:00:00.0
CI,EDW,34.88303,-117.99106,789.0,Edwards Air Force Base,1990-03-15T00:00:00.0,2004-08-03T16:42:00.0
CI,EDW2,34.8811,-117.99388,772.0,Edwards 2,2004-05-04T00:00:00.0,3000-01-01T00:00:00.0
CI,ELS2,33.64907,-117.42604,844.0,Elsinore 2,2013-05-21T00:00:00.0,3000-01-01T00:00:00.0
CI,EML,32.89083,-116.84566,161.0,El Monte County Park,2000-10-26T00:00:00.0,3000-01-01T00:00:00.0
CI,ERR,33.11675,-115.82267,-56.0,Elmore's Ranch,2000-01-13T00:00:00.0,2014-03-24T00:00:00.0
CI,FDR,35.64262,-118.93433,352.1,5 Dogs Range,2018-04-30T00:00:00.0,3000-01-01T00:00:00.0
CI,FHO,34.09355,-116.93588,1614.0,Forest Home - SOSAF Station,2009-08-04T19:20:00.0,3000-01-01T00:00:00.0
CI,FIG,34.72832,-119.98803,945.0,Figueroa Mountain,2001-02-02T00:00:00.0,3000-01-01T00:00:00.0
CI,FMP,33.71264,-118.29381,89.0,Fort Macarthur Park,2000-08-30T00:00:00.0,3000-01-01T00:00:00.0
CI,FOX2,34.7339,-118.24046,719.7,Fox Airport 2,2013-07-15T00:00:00.0,3000-01-01T00:00:00.0
CI,FPC,35.082,-117.58267,916.7,Federal Prison Camp,1997-02-19T00:00:00.0,2001-06-14T00:00:00.0
CI,FRK,33.40209,-115.63835,60.0,Frink,1981-07-31T00:00:00.0,3000-01-01T00:00:00.0
CI,FUR,36.46703,-116.86322,-37.0,Furnace Creek,1996-11-19T00:00:00.0,3000-01-01T00:00:00.0
CI,GATR,34.55266,-120.50235,590.0,GATR Compound,2008-07-02T15:00:00.0,3000-01-01T00:00:00.0
CI,GLA,33.05149,-114.82706,610.0,Glamis,1966-12-19T00:00:00.0,3000-01-01T00:00:00.0
CI,GMA,34.29148,-116.38256,848.0,Goat Mountain Astronomical Research Station,2013-12-04T00:00:00.0,3000-01-01T00:00:00.0
CI,GMR,34.78457,-115.65994,1326.0,Granite Mountains Research Center,2006-04-04T00:00:00.0,3000-01-01T00:00:00.0
CI,GOR,33.1537,-117.22921,138.0,Green Oak Ranch,1999-06-29T00:00:00.0,3000-01-01T00:00:00.0
CI,GPO,35.6494,-117.6619,705.0,Geothermal Prog Off,1996-01-15T00:00:00.0,1998-01-25T00:00:00.0
CI,GR2,34.11816,-118.30024,342.0,Griffith Observatory,1998-03-30T00:00:00.0,3000-01-01T00:00:00.0
CI,GRA,36.99608,-117.36621,689.0,Grapevine Ranger Station,2001-04-18T00:00:00.0,3000-01-01T00:00:00.0
CI,GSC,35.30177,-116.80574,1000.0,Goldstone,1961-11-07T00:00:00.0,3000-01-01T00:00:00.0
CI,HAR,35.0114,-117.29909,620.0,Harper Dry Lake bed,2013-12-04T00:00:00.0,3000-01-01T00:00:00.0
CI,HAY,33.70734,-115.63889,458.0,Hayfield,2014-07-17T00:00:00.0,3000-01-01T00:00:00.0
CI,HDH,34.77529,-118.63999,964.6,High Desert Hunt Club - Tejon Ranch,2015-06-15T00:00:00.0,3000-01-01T00:00:00.0
CI,HEC,34.8294,-116.335,920.0,Hector,1997-08-01T00:00:00.0,3000-01-01T00:00:00.0
CI,HIW,35.03998,-115.38423,1276.9,Hole In The Wall,2017-06-08T00:00:00.0,3000-01-01T00:00:00.0
CI,HLL,34.17643,-118.35967,193.0,North Hollywood,2000-03-23T00:00:00.0,3000-01-01T00:00:00.0
CI,HMT2,33.708115,-117.001524,593.0,Hemet 2,2013-05-21T00:00:00.0,3000-01-01T00:00:00.0
CI,HOL,34.45831,-117.84539,1267.0,Holcomb Ridge,2014-07-22T19:00:00.0,3000-01-01T00:00:00.0
CI,HYS,34.86532,-117.56975,833.0,Haystack Butte,1983-09-15T00:00:00.0,3000-01-01T00:00:00.0
CI,IBP,32.66112,-116.09286,879.0,Imperial Boulder Park,2010-04-06T20:00:00.0,2011-04-13T20:00:00.0
CI,IDO,33.79678,-116.22152,469.0,Indio Hill,2010-05-04T16:00:00.0,3000-01-01T00:00:00.0
CI,IKP,32.65012,-116.10948,906.0,In-Ko-Pah,1972-03-29T00:00:00.0,3000-01-01T00:00:00.0
CI,IMP,32.90147,-115.56071,-27.0,Imperial,2013-10-29T00:00:00.0,3000-01-01T00:00:00.0
CI,IPT,34.19701,-117.28498,943.0,Inspiration point,2012-01-04T00:00:00.0,3000-01-01T00:00:00.0
CI,IRM,34.15738,-115.14513,567.0,Iron Mountain,2001-12-05T00:00:00.0,3000-01-01T00:00:00.0
CI,ISA,35.66278,-118.47403,873.0,Isabella,1946-03-16T00:00:00.0,3000-01-01T00:00:00.0
CI,JCS,33.0859,-116.5959,1264.0,Julian Camp Stevens,1998-09-17T00:00:00.0,2007-09-16T00:00:00.0
CI,JEM,33.08098,-116.59755,1308.0,Julian Eagle Mine,2008-05-01T21:42:40.0,3000-01-01T00:00:00.0
CI,JNH2,34.448941,-117.95541,1305.0,Juniper Hills 2,2013-07-26T00:00:00.0,3000-01-01T00:00:00.0
CI,JRC,35.9823,-117.8076,1452.0,Joshua Ridge,1996-12-19T00:00:00.0,2004-01-14T00:00:00.0
CI,JRC2,35.98249,-117.80885,1469.0,Joshua Ridge: China Lake,2004-01-15T00:00:00.0,3000-01-01T00:00:00.0
CI,JTH,34.12644,-116.03785,609.4,Joshua Tree National Park Headquarters,2013-11-04T00:00:00.0,3000-01-01T00:00:00.0
CI,JVA,34.36622,-116.61266,904.0,Johnson Valley,2001-04-11T00:00:00.0,3000-01-01T00:00:00.0
CI,KYV,33.92545,-116.1734,1498.2,Keys View,2013-11-14T00:00:00.0,3000-01-01T00:00:00.0
CI,LAF,33.86889,-118.33143,20.0,La Fresa,1999-10-15T00:00:00.0,3000-01-01T00:00:00.0
CI,LCG,34.00033,-118.37794,108.0,La Cienega,1999-10-27T00:00:00.0,3000-01-01T00:00:00.0
CI,LCP,34.73551,-120.27996,199.0,Los Alamos County Park,2001-11-14T00:00:00.0,3000-01-01T00:00:00.0
CI,LDF,35.13066,-115.18416,1239.0,Lanfair,1999-11-17T00:00:00.0,3000-01-01T00:00:00.0
CI,LDR,34.9906,-118.34156,1121.0,Leduc Ranch,2001-10-04T00:00:00.0,3000-01-01T00:00:00.0
CI,LFP,34.30529,-118.48805,368.0,Los Angeles,2000-01-24T00:00:00.0,3000-01-01T00:00:00.0
CI,LGB,33.9753,-118.14918,42.0,Laguna Bell,2000-04-06T00:00:00.0,3000-01-01T00:00:00.0
CI,LGU,34.10819,-119.06587,416.0,Laguna Peak,1999-06-13T00:00:00.0,2015-01-22T20:00:00.0
CI,LJR,34.80762,-118.86775,1443.0,Lone Juniper Ranch,2002-11-05T00:00:00.0,3000-01-01T00:00:00.0
CI,LKH,33.23598,-116.75876,847.0,Lake Henshaw,2013-10-29T00:00:00.0,3000-01-01T00:00:00.0
CI,LKL,34.61594,-117.82493,810.0,Lake Los Angeles,1996-05-09T00:00:00.0,2004-11-19T18:10:00.0
CI,LLS,33.68447,-117.94304,8.0,Ellis,2000-02-01T00:00:00.0,3000-01-01T00:00:00.0
CI,LMH,33.74418,-117.39135,496.0,Lake Mathews Hills,2013-05-21T00:00:00.0,3000-01-01T00:00:00.0
CI,LMR,34.93426,-117.69661,965.0,Leuhmann Ridge,2003-02-26T00:00:00.0,2003-09-25T00:00:00.0
CI,LMR2,34.93439,-117.69629,964.0,Leuhmann Ridge Extension,2003-09-25T00:00:00.0,3000-01-01T00:00:00.0
CI,LMS,33.81744,-117.445,443.0,Lake Mathews Shore,2013-05-21T00:00:00.0,3000-01-01T00:00:00.0
CI,LMY,34.733165,-119.10391,1575.0,Lockwood Valley Maintenance Yard,2013-12-04T00:00:00.0,3000-01-01T00:00:00.0
CI,LOC,34.690735,-120.446901,95.0,Lompoc FS #51,2013-12-04T00:00:00.0,3000-01-01T00:00:00.0
CI,LPC,34.31478,-117.54642,1351.0,Lone Pine Canyon,2009-05-28T19:00:00.0,3000-01-01T00:00:00.0
CI,LRL,35.47954,-117.68212,1340.0,Laurel Mtn,1992-07-29T00:00:00.0,3000-01-01T00:00:00.0
CI,LRR2,34.52706,-118.02998,906.0,Little Rock Reservoir 2,2013-05-13T00:00:00.0,3000-01-01T00:00:00.0
CI,LTP,33.8811,-118.17568,20.0,Lighthipe,2000-07-25T00:00:00.0,3000-01-01T00:00:00.0
CI,LUC2,34.45638,-116.96423,886.0,Lucerne Valley 2,2012-06-26T00:00:00.0,3000-01-01T00:00:00.0
CI,LUG,34.3656,-117.36683,1140.0,Lugo,1998-01-28T00:00:00.0,3000-01-01T00:00:00.0
CI,LUS,33.01375,-117.16305,120.7,Lusardi Creek County Preserve,2017-06-20T00:00:00.0,3000-01-01T00:00:00.0
CI,LVO,34.555798,-119.88387,275.6,Live Oak Camp,2019-06-17T00:00:00.0,3000-01-01T00:00:00.0
CI,LYP,32.70333,-116.7548,886.4,Lyon's Peak,2016-05-23T00:00:00.0,3000-01-01T00:00:00.0
CI,MCT,34.22645,-116.04073,661.0,MCC 29palms,2001-01-24T00:00:00.0,3000-01-01T00:00:00.0
CI,MGE,33.81841,-116.36874,68.0,Mirage,1999-10-16T00:00:00.0,3000-01-01T00:00:00.0
CI,MLAC,37.63019,-118.83605,2162.0,Mammoth,1992-11-04T00:00:00.0,3000-01-01T00:00:00.0
CI,MLS,34.0046,-117.56162,230.0,Mira Loma,1998-03-05T00:00:00.0,3000-01-01T00:00:00.0
CI,MOP,34.28096,-118.90469,141.0,Moorpark,1999-09-16T00:00:00.0,3000-01-01T00:00:00.0
CI,MPI,34.81258,-119.1453,2673.0,Mount Pinos,2000-11-01T00:00:00.0,3000-01-01T00:00:00.0
CI,MPM,36.05799,-117.48901,1839.0,Manuel Prospect Mine,1998-06-25T00:00:00.0,3000-01-01T00:00:00.0
CI,MPP,34.88848,-119.81362,1739.0,Mcpherson Peak,2000-10-01T00:00:00.0,3000-01-01T00:00:00.0
CI,MSC,34.03852,-116.64795,938.0,Mission Creek,2009-04-22T20:30:00.0,3000-01-01T00:00:00.0
CI,MSJ,33.80801,-116.96789,466.0,Mt. San Jacinto Campus,1999-07-27T00:00:00.0,3000-01-01T00:00:00.0
CI,MTG,33.19915,-116.64727,1092.0,Mataguay Scout Camp,2013-10-29T00:00:00.0,3000-01-01T00:00:00.0
CI,MTL,34.2688,-118.2374,1540.5,Mount Lukens,1999-04-20T00:00:00.0,1999-06-01T00:00:00.0
CI,MTP,35.48434,-115.5532,1588.0,Mountain Pass,1996-09-10T00:00:00.0,3000-01-01T00:00:00.0
CI,MUR,33.59999,-117.19543,562.0,Murrieta,2005-07-25T00:00:00.0,3000-01-01T00:00:00.0
CI,MWC,34.22362,-118.05832,1725.0,Mount Wilson Obsv,1928-04-23T00:00:00.0,3000-01-01T00:00:00.0
CI,NBS,34.78035,-116.55798,590.0,Newberry Springs,2001-12-19T00:00:00.0,3000-01-01T00:00:00.0
CI,NCH,34.9427,-119.67395,665.0,New Cuyama High School,2013-12-04T00:00:00.0,3000-01-01T00:00:00.0
CI,NEE,34.8249,-114.59941,170.0,Needles,1993-04-20T00:00:00.0,2006-07-27T14:00:00.0
CI,NEE2,34.76759,-114.61881,271.0,Needles Airport,2006-07-27T00:00:00.0,3000-01-01T00:00:00.0
CI,NJQ,34.53412,-120.17737,219.0,Nojoqui County Park,2001-11-20T00:00:00.0,3000-01-01T00:00:00.0
CI,NSS,33.5561,-115.9465,-16.0,North Shore Salton Sea,2000-11-20T00:00:00.0,2004-03-10T18:52:00.0
CI,NSS2,33.55553,-115.94586,17.0,North Shore Salton Sea 2,2004-03-17T11:50:00.0,3000-01-01T00:00:00.0
CI,OAT,34.34361,-118.61442,1089.0,Oat Mountain,1999-03-11T00:00:00.0,3000-01-01T00:00:00.0
CI,OLI,33.94539,-117.92372,162.0,Olinda,1999-11-23T00:00:00.0,3000-01-01T00:00:00.0
CI,OLP,32.60771,-116.93019,159.0,Otay Lakes Park,2001-01-10T00:00:00.0,3000-01-01T00:00:00.0
CI,OSI,34.6145,-118.7235,718.0,Osito Audit: Castaic Lake,1995-06-28T00:00:00.0,3000-01-01T00:00:00.0
CI,PALA,33.38905,-117.03182,552.0,Pala,2014-01-09T00:00:00.0,3000-01-01T00:00:00.0
CI,PAS,34.14844,-118.17117,314.0,Pasadena,1927-03-31T00:00:00.0,2006-10-30T22:18:00.0
CI,PASA,34.14844,-118.17113,307.8,Pasadena,1992-05-05T00:00:00.0,2006-10-31T00:00:00.0
CI,PASC,34.17141,-118.18523,341.0,Art Center College of Design (GSN-affiliate),2006-10-05T00:00:00.0,3000-01-01T00:00:00.0
CI,PDE,34.44199,-118.58215,328.0,Pardee,1999-09-23T00:00:00.0,3000-01-01T00:00:00.0
CI,PDM,34.30336,-114.14152,144.0,Parker,2001-09-20T00:00:00.0,3000-01-01T00:00:00.0
CI,PDR,33.96273,-118.43702,45.0,Playa Del Rey,2001-02-02T00:00:00.0,3000-01-01T00:00:00.0
CI,PDU,34.1207,-117.63808,445.0,Padua,1999-10-16T00:00:00.0,3000-01-01T00:00:00.0
CI,PER,33.86164,-117.20529,468.0,Lake Perris,2003-05-21T00:00:00.0,3000-01-01T00:00:00.0
CI,PFO,33.61164,-116.45858,1288.0,Pinyon Flats Observatory,1990-10-31T00:00:00.0,1998-01-06T00:00:00.0
CI,PHL,35.40773,-120.54556,355.0,Park Hill,1997-07-23T00:00:00.0,3000-01-01T00:00:00.0
CI,PLC,33.82436,-116.51195,130.0,Palm Spgs City Hall,1999-05-25T00:00:00.0,2008-06-17T16:23:23.0
CI,PLM,33.35361,-116.86265,1691.0,Palomar,1939-09-09T00:00:00.0,3000-01-01T00:00:00.0
CI,PLS,33.7953,-117.60906,1199.0,Pleasants Peak,1990-05-23T00:00:00.0,3000-01-01T00:00:00.0
CI,PMD,33.64785,-116.37769,296.0,Palm Desert,2005-05-07T00:45:00.0,3000-01-01T00:00:00.0
CI,POB2,33.68708,-116.92382,999.0,Polly Butte 2,2014-03-20T19:00:00.0,3000-01-01T00:00:00.0
CI,POR,36.10368,-119.00343,198.0,Porterville,2018-10-04T17:00:00.0,3000-01-01T00:00:00.0
CI,PSD,33.82393,-116.55026,144.0,Palm Springs Desert Museum,2005-04-13T23:13:00.0,3000-01-01T00:00:00.0
CI,PSR,34.09181,-117.80709,305.0,Puddingstone,2005-09-14T00:00:00.0,3000-01-01T00:00:00.0
CI,QLC,35.04084,-119.97425,556.9,Quail Canyon,2016-05-02T00:00:00.0,3000-01-01T00:00:00.0
CI,RAG,34.68289,-116.15139,722.0,Ragtown,1999-07-20T00:00:00.0,3000-01-01T00:00:00.0
CI,RCR,33.36237,-116.3096,193.0,Rockhouse Canyon Road,2014-12-31T00:00:00.0,3000-01-01T00:00:00.0
CI,RCT,36.30523,-119.24384,107.0,Rector,1999-10-11T00:00:00.0,3000-01-01T00:00:00.0
CI,RFR,35.113583,-120.097209,386.3,Rock Front Ranch,2016-05-02T00:00:00.0,3000-01-01T00:00:00.0
CI,RHC2,34.00095,-118.01333,362.0,Rose Hills Cemetery 2,2014-01-14T22:00:00.0,3000-01-01T00:00:00.0
CI,RHR,33.290213,-117.176482,173.0,Rawhide Ranch,2017-03-16T00:00:00.0,3000-01-01T00:00:00.0
CI,RIN,34.28196,-118.47925,304.0,Rinaldi,1999-08-19T00:00:00.0,3000-01-01T00:00:00.0
CI,RIO,34.10473,-117.97956,118.0,Rio Hondo,1999-10-19T00:00:00.0,3000-01-01T00:00:00.0
CI,RKMO,33.67421,-117.60947,408.0,Ramakrishna Monastery,2013-11-14T00:00:00.0,3000-01-01T00:00:00.0
CI,RPV,33.74346,-118.40412,107.0,Rancho Palos Verdes,1993-05-12T00:00:00.0,3000-01-01T00:00:00.0
CI,RRX,34.87533,-116.99684,676.2,Barstow Service Center,2000-11-08T00:00:00.0,3000-01-01T00:00:00.0
CI,RSI,34.85191,-120.20868,181.3,Rancho Sisquoc,2017-01-24T00:00:00.0,3000-01-01T00:00:00.0
CI,RSS,33.97327,-117.32674,298.0,Riverside Surface,1999-05-27T00:00:00.0,3000-01-01T00:00:00.0
CI,RUN,32.97222,-114.97809,116.0,Ruthven,1973-03-31T00:00:00.0,3000-01-01T00:00:00.0
CI,RUS,34.05075,-118.08078,70.0,Rush,1998-05-29T00:00:00.0,3000-01-01T00:00:00.0
CI,RVR,33.99351,-117.37545,266.0,Riverside,1926-10-19T00:00:00.0,3000-01-01T00:00:00.0
CI,RXH,33.18313,-115.62257,-59.0,Rock Hill,2004-05-26T17:25:00.0,3000-01-01T00:00:00.0
CI,SAL,33.2801,-115.98585,14.0,Salton City,1999-05-25T00:00:00.0,3000-01-01T00:00:00.0
CI,SBB2,34.68844,-117.82424,825.0,Saddleback Butte State Park,2004-10-28T21:15:00.0,3000-01-01T00:00:00.0
CI,SBC,34.44076,-119.71492,94.0,Santa Barbara,1932-01-05T00:00:00.0,3000-01-01T00:00:00.0
CI,SBI,33.48046,-119.02986,41.0,Santa Barbara Island,2003-07-16T00:00:00.0,3000-01-01T00:00:00.0
CI,SBPX,34.2324,-117.23484,1860.0,Strawberry Peak,1996-06-12T00:00:00.0,3000-01-01T00:00:00.0
CI,SCI,32.9799,-118.54697,199.0,San Clemente Island,1966-06-14T00:00:00.0,2003-10-23T00:00:00.0
CI,SCI2,32.9799,-118.54697,199.0,San Clemente Island 2,2003-10-23T00:00:00.0,3000-01-01T00:00:00.0
CI,SCZ,33.99532,-119.63435,413.0,Santa Cruz Island,1999-03-12T00:00:00.0,2003-11-04T22:00:00.0
CI,SCZ2,33.99543,-119.6351,440.0,Santa Cruz Island 2,2003-11-04T00:00:00.0,3000-01-01T00:00:00.0
CI,SDD,33.55259,-117.66171,120.0,Saddleback,1999-04-20T00:00:00.0,3000-01-01T00:00:00.0
CI,SDG,32.784,-117.13805,101.0,San Diego Mission Control,2001-09-26T00:00:00.0,3000-01-01T00:00:00.0
CI,SDP,34.56547,-120.50137,631.0,Sudden Peak,2002-01-18T00:00:00.0,2006-08-15T18:49:00.0
CI,SDR,32.73561,-116.94241,113.0,San Diego Road Dept,2001-04-20T00:00:00.0,3000-01-01T00:00:00.0
CI,SES,34.43692,-119.1375,480.0,Summit Elementary School,2001-01-25T00:00:00.0,3000-01-01T00:00:00.0
CI,SGL,32.64933,-115.72638,75.0,Signal Mtn,1973-03-31T00:00:00.0,3000-01-01T00:00:00.0
CI,SHO,35.89953,-116.2753,451.0,Shoshone,1996-10-14T00:00:00.0,3000-01-01T00:00:00.0
CI,SLA,35.89095,-117.28332,1174.0,Slate Mountain,1999-03-09T00:00:00.0,3000-01-01T00:00:00.0
CI,SLB,33.48519,-115.86643,0.0,Salton Beach,2009-02-06T17:55:00.0,3000-01-01T00:00:00.0
CI,SLH,33.19269,-116.25399,208.0,Sleepy Hollow,2013-03-25T00:00:00.0,3000-01-01T00:00:00.0
CI,SLR,33.83359,-116.79737,1567.0,Skyland Ranch,2001-11-30T00:00:00.0,3000-01-01T00:00:00.0
CI,SLV,33.23854,-115.30436,254.6,Salvation Pass,2017-10-24T00:00:00.0,3000-01-01T00:00:00.0
CI,SMB,34.90218,-120.44709,74.0,Santa Maria Base,2001-09-20T00:00:00.0,2005-12-15T21:09:00.0
CI,SMF2,34.02201,-118.44627,52.2,Santa Monica Field 2,2012-07-05T00:00:00.0,3000-01-01T00:00:00.0
CI,SMI,34.03818,-120.35132,165.0,San Miguel Island,2010-07-01T00:00:00.0,3000-01-01T00:00:00.0
CI,SMM,35.3142,-119.99581,599.0,Simmler,1999-11-09T00:00:00.0,3000-01-01T00:00:00.0
CI,SMR,35.37699,-120.61247,341.0,Santa Margarita Ranch,2008-05-22T21:00:00.0,3000-01-01T00:00:00.0
CI,SMS,34.01438,-118.45617,43.0,Santa Monica Fire St,1997-06-18T00:00:00.0,2012-07-05T17:00:00.0
CI,SMTC,32.94892,-115.72031,39.0,Superstition Mountain,1993-07-07T00:00:00.0,1996-05-01T00:00:00.0
CI,SMW,35.01108,-120.40997,169.0,Santa Maria Wineman,2008-12-09T22:49:00.0,3000-01-01T00:00:00.0
CI,SNCC,33.24787,-119.52437,275.0,San Nicolas Island,1994-05-03T00:00:00.0,3000-01-01T00:00:00.0
CI,SNO,34.03515,-116.80778,2339.0,Snow Peak,2008-12-03T20:32:00.0,3000-01-01T00:00:00.0
CI,SNR,32.86184,-115.43602,-63.0,Schaffner Ranch,1973-05-01T00:00:00.0,3000-01-01T00:00:00.0
CI,SOC,33.38761,-117.58013,52.0,San Onofre Canyon,2015-06-29T00:00:00.0,3000-01-01T00:00:00.0
CI,SOT,34.416,-118.449,409.0,Solamint,1996-05-09T00:00:00.0,2001-11-14T00:00:00.0
CI,SPF,34.05933,-118.64614,470.0,Saddle Peak Fire Camp 8,2000-10-19T00:00:00.0,3000-01-01T00:00:00.0
CI,SPG,36.1355,-118.81099,314.0,Springville,1999-09-28T00:00:00.0,2005-12-05T22:36:14.0
CI,SPG2,36.20057,-118.76624,627.0,Springville 2,2005-12-06T00:00:00.0,3000-01-01T00:00:00.0
CI,SRA,34.60601,-115.94987,338.6,Siberia,2017-06-05T00:00:00.0,3000-01-01T00:00:00.0
CI,SRI,33.97875,-120.07886,392.0,Santa Rosa Island,2010-09-01T00:00:00.0,3000-01-01T00:00:00.0
CI,SRN,33.82854,-117.78938,208.0,Serrano,1999-11-15T00:00:00.0,3000-01-01T00:00:00.0
CI,SRT,35.69235,-117.75051,667.0,Snort,1982-07-31T00:00:00.0,3000-01-01T00:00:00.0
CI,SSW,33.17747,-115.61564,-64.0,Salton Sea Wildlife,1997-10-02T00:00:00.0,2004-06-10T16:44:00.0
CI,STC,34.30302,-119.18676,180.0,Santa Clara,1999-11-15T00:00:00.0,3000-01-01T00:00:00.0
CI,STG,33.664,-117.76856,49.0,Santiago,2000-01-24T00:00:00.0,3000-01-01T00:00:00.0
CI,STS,33.79033,-118.19878,4.0,State Street,1999-05-20T00:00:00.0,3000-01-01T00:00:00.0
CI,SVD,34.10647,-117.09822,605.0,Seven Oaks,1990-12-04T00:00:00.0,3000-01-01T00:00:00.0
CI,SWP,32.79184,-116.09718,265.0,Sweeney Pass,2013-10-29T00:00:00.0,3000-01-01T00:00:00.0
CI,SWS,32.94508,-115.79988,140.0,Sam W. Stewart,1997-09-20T00:00:00.0,3000-01-01T00:00:00.0
CI,SYN,34.60723,-120.0696,201.0,Santa Ynez FS #32,2013-12-04T00:00:00.0,3000-01-01T00:00:00.0
CI,SYP,34.52781,-119.97832,1278.0,Santa Ynez Peak,1967-06-07T00:00:00.0,3000-01-01T00:00:00.0
CI,TA2,34.38203,-117.67822,2249.0,Table Mountain,1997-02-06T00:00:00.0,3000-01-01T00:00:00.0
CI,TAB,34.38245,-117.68191,2274.0,Table Mountain,1989-11-30T00:00:00.0,2008-05-07T21:00:00.0
CI,TEH,35.2913,-118.42079,846.0,Cattani Ranch,2001-05-02T00:00:00.0,3000-01-01T00:00:00.0
CI,TER2,35.33233,-119.36238,80.0,Tule Elk Reserve,2019-07-11T22:00:00.0,3000-01-01T00:00:00.0
CI,TFT,35.14592,-119.41946,233.0,Taft,2001-10-30T00:00:00.0,3000-01-01T00:00:00.0
CI,THM,33.65066,-116.07734,60.0,Thermal Canyon,2009-03-10T20:48:00.0,3000-01-01T00:00:00.0
CI,THX,33.63495,-116.16402,-31.0,Thermal Airport,1999-01-27T00:00:00.0,2007-04-16T17:50:00.0
CI,TIN,37.05422,-118.23009,1197.0,Tinemaha,1932-01-01T00:00:00.0,3000-01-01T00:00:00.0
CI,TOR,33.57526,-116.22584,4.0,Toro Canyon,2007-04-30T00:00:00.0,3000-01-01T00:00:00.0
CI,TOV,34.15607,-118.82039,298.0,Thousand Oaks Ventura,1997-10-03T00:00:00.0,2007-03-09T18:25:00.0
CI,TOW2,35.80856,-117.76488,685.0,Tower 2,2014-07-10T00:00:00.0,3000-01-01T00:00:00.0
CI,TPO,34.87883,-118.22864,769.0,Tropico Hills,1976-05-10T00:00:00.0,3000-01-01T00:00:00.0
CI,TUQ,35.43584,-115.92389,1350.0,Turquoise Mountain,2002-05-02T00:00:00.0,3000-01-01T00:00:00.0
CI,USC,34.01919,-118.28631,58.0,Univ Southern Ca,1993-02-17T00:00:00.0,3000-01-01T00:00:00.0
CI,VCS,34.48372,-118.11781,992.0,Vincent,1997-09-09T00:00:00.0,3000-01-01T00:00:00.0
CI,VDJ,34.18986,-114.57145,284.6,Vidal Junction,2016-10-06T00:00:00.0,3000-01-01T00:00:00.0
CI,VES,35.84089,-119.08469,154.0,Vestal,1999-09-30T00:00:00.0,3000-01-01T00:00:00.0
CI,VOG,36.32098,-119.38226,90.0,Valley Oaks Golf Course,2011-05-26T00:00:00.0,3000-01-01T00:00:00.0
CI,VTV,34.56065,-117.3296,843.0,Victorville,1993-04-14T00:00:00.0,3000-01-01T00:00:00.0
CI,WAS2,35.7377,-118.55743,1828.0,Alta Sierra 2,2014-06-03T00:00:00.0,3000-01-01T00:00:00.0
CI,WBM,35.60839,-117.89049,892.0,Bowman Road,1979-09-26T00:00:00.0,3000-01-01T00:00:00.0
CI,WBP,35.87841,-118.07414,2494.6,Bear Peak,2017-07-25T00:00:00.0,3000-01-01T00:00:00.0
CI,WBS,35.53664,-118.14035,1927.0,Bird Spring,1980-04-22T00:00:00.0,3000-01-01T00:00:00.0
CI,WCS2,36.02521,-117.76526,1143.0,Coso Hot Springs 2,2014-07-14T00:00:00.0,3000-01-01T00:00:00.0
CI,WER,35.06053,-119.02711,130.0,Wheeler Ridge,2001-10-30T00:00:00.0,2004-07-09T13:45:00.0
CI,WES,32.75904,-115.73161,-8.0,Westside Elementary School,2001-01-23T00:00:00.0,3000-01-01T00:00:00.0
CI,WGR,34.51085,-119.27407,554.0,Wheeler Gorge Ranger Station,2001-08-01T00:00:00.0,3000-01-01T00:00:00.0
CI,WHF,35.69513,-118.35183,859.0,Hanning Flat,1979-05-23T00:00:00.0,3000-01-01T00:00:00.0
CI,WLH2,36.152072,-118.313186,2672.0,Little Horse 2,2014-06-04T00:00:00.0,3000-01-01T00:00:00.0
CI,WLT,34.00948,-117.95077,107.0,Walnut,1999-11-15T00:00:00.0,3000-01-01T00:00:00.0
CI,WMD,33.03826,-115.58191,-45.0,Westmorland,2013-05-08T00:00:00.0,3000-01-01T00:00:00.0
CI,WMF,36.11758,-117.85486,1537.4,Mccloud Flat,2016-07-13T20:00:00.0,3000-01-01T00:00:00.0
CI,WOR,35.69563,-118.24246,795.0,Onyx Ranch,1979-05-23T00:00:00.0,3000-01-01T00:00:00.0
CI,WRC2,35.9479,-117.65038,943.0,Renegade Canyon,2014-07-09T00:00:00.0,3000-01-01T00:00:00.0
CI,WSS,34.1717,-118.64971,316.0,West Side,2000-11-21T00:00:00.0,3000-01-01T00:00:00.0
CI,WTT,33.94869,-118.25547,37.0,Watts,2000-02-15T23:59:00.0,2011-01-05T00:00:00.0
CI,WTT2,33.94867,-118.25539,37.0,Watts,2011-01-05T00:00:00.0,3000-01-01T00:00:00.0
CI,WWC,33.94068,-116.40876,619.0,West Wide Canyon,2009-04-01T20:00:00.0,3000-01-01T00:00:00.0
CI,WWF,33.27884,-115.57888,-61.0,Wister Waterfowl,2014-02-10T00:00:00.0,3000-01-01T00:00:00.0
CI,YEG2,35.43831,-119.96306,963.0,Yeguas Mtn. 2,2016-04-25T00:00:00.0,3000-01-01T00:00:00.0
CI,YUH2,32.64752,-115.92227,184.0,Yuha Desert,2014-04-29T18:00:00.0,3000-01-01T00:00:00.0
